,Earnings Dates,Pays Dividend,Ex-Dividend Dates
AOS,2024-01-30,True,2024-01-30
ABT,2024-04-17,True,
ABBV,2024-02-02,True,
ACN,2024-03-21,True,
ADBE,2024-03-13,True,
AMD,2024-01-29,True,
AES,2024-02-26,True,2024-01-31
AFL,2024-01-30,True,2024-02-20
A,2024-02-26,True,
APD,2024-02-05,True,
ABNB,2024-02-12,False,
AKAM,2024-02-12,False,
ALB,2024-02-13,True,
ARE,2024-01-29,True,
ALGN,2024-01-30,False,
ALLE,2024-02-20,True,
LNT,2024-02-15,True,2024-01-30
ALL,2024-01-30,True,
GOOGL,2024-01-30,False,
GOOG,2024-01-31,False,
MO,2024-02-01,True,
AMZN,2024-02-01,False,
AMCR,2024-02-05,True,
AEE,2024-02-22,True,
AAL,,True,
AEP,2024-02-27,True,2024-02-08
AXP,2024-01-26,True,
AIG,2024-02-13,True,
AMT,2024-02-27,True,
AWK,2024-02-13,True,2024-02-07
AMP,,True,
AME,2024-02-06,True,
AMGN,2024-02-06,True,2024-02-15
APH,2024-04-24,True,
ADI,2024-02-13,True,
ANSS,2024-02-20,False,
AON,2024-02-02,True,2024-01-31
APA,2024-02-21,True,
AAPL,2024-01-31,True,
AMAT,2024-02-15,True,2024-02-21
APTV,2024-01-31,True,
ACGL,2024-02-12,False,
ADM,,True,
ANET,2024-02-12,False,
AJG,,True,
AIZ,2024-02-05,True,2024-02-02
T,2024-04-18,True,
ATO,2024-02-05,True,
ADSK,2024-02-21,True,
ADP,2024-01-31,True,2024-03-07
AZO,2024-02-26,False,
AVB,2024-01-31,True,
AVY,2024-01-31,True,
AXON,2024-02-26,False,
BKR,2024-04-17,True,
BALL,2024-02-01,True,
BAC,2024-04-16,True,
BK,2024-04-16,True,
BBWI,2024-02-21,True,
BAX,2024-02-08,True,
BDX,2024-02-01,True,2024-03-07
BRK.B,,False,
BBY,2024-02-29,True,
BIO,2024-02-14,False,
TECH,2024-02-01,True,
BIIB,2024-02-13,False,
BLK,2024-04-12,True,2024-03-06
BX,,True,
BA,2024-01-31,True,
BKNG,2024-02-21,False,
BWA,2024-02-08,True,
BXP,2024-01-30,True,
BSX,2024-01-31,False,
BMY,2024-02-02,True,
AVGO,2024-02-29,True,
BR,2024-02-01,True,
BRO,2024-04-22,True,2024-02-01
BF.B,,False,
BLDR,2024-02-22,False,
BG,2024-02-06,True,2024-02-15
CDNS,2024-02-12,False,
CZR,2024-02-19,False,
CPT,2024-01-31,True,
CPB,2024-03-06,True,
COF,,True,
CAH,2024-02-01,True,
KMX,2024-04-11,False,
CCL,2024-03-25,True,
CARR,2024-02-06,True,
CTLT,2024-02-05,False,
CAT,2024-02-05,True,
CBOE,2024-02-02,True,
CBRE,2024-02-15,False,
CDW,2024-02-07,True,
CE,2024-02-20,True,
COR,2024-01-31,True,
CNC,2024-02-06,False,
CNP,2024-02-20,True,2024-02-14
CDAY,2024-02-06,False,
CF,2024-02-13,True,
CHRW,2024-01-30,True,
CRL,2024-02-14,False,
SCHW,2024-04-15,True,
CHTR,2024-02-02,False,
CVX,2024-02-02,True,
CMG,2024-02-05,False,
CB,2024-01-30,True,
CHD,2024-02-02,True,
CI,2024-02-02,True,
CINF,2024-02-06,True,
CTAS,2024-03-27,True,2024-02-14
CSCO,2024-02-14,True,
C,2024-04-12,True,2024-02-02
CFG,2024-04-17,True,2024-01-30
CLX,2024-02-01,True,
CME,2024-02-14,True,
CMS,2024-02-01,True,
KO,2024-02-13,True,
CTSH,2024-02-06,True,
CL,2024-01-26,True,
CMCSA,,True,
CMA,2024-04-18,True,
CAG,2024-04-03,True,2024-01-29
COP,2024-02-08,True,
ED,2024-02-15,True,2024-02-13
STZ,2024-04-04,True,2024-02-07
CEG,2024-02-16,True,
COO,2024-02-29,True,
CPRT,2024-02-19,False,
GLW,2024-01-30,True,
CTVA,2024-01-31,True,
CSGP,2024-02-20,False,
COST,2024-02-29,True,2024-02-01
CTRA,2024-02-20,True,
CCI,,True,
CSX,2024-04-18,True,
CMI,2024-02-06,True,
CVS,2024-02-07,True,
DHR,2024-01-30,True,
DRI,2024-03-21,True,
DVA,2024-02-13,False,
DE,2024-02-15,True,
DAL,2024-04-11,True,
XRAY,2024-02-29,True,
DVN,2024-02-12,True,
DXCM,2024-02-07,False,
FANG,2024-02-19,True,
DLR,2024-02-15,True,
DFS,2024-04-17,True,2024-02-21
DG,2024-03-14,True,
DLTR,2024-02-28,False,
D,2024-02-22,True,
DPZ,2024-02-26,True,
DOV,2024-02-01,True,
DOW,,True,
DHI,2024-04-18,True,2024-02-05
DTE,2024-02-21,True,
DUK,2024-02-08,True,2024-02-15
DD,2024-02-06,True,
EMN,2024-02-01,True,
ETN,2024-02-01,True,
EBAY,2024-02-20,True,
ECL,2024-02-13,True,
EIX,2024-02-21,True,
EW,2024-01-29,False,
EA,2024-01-30,True,
ELV,2024-04-17,True,
LLY,2024-02-06,True,2024-02-14
EMR,2024-02-07,True,
ENPH,2024-02-05,False,
ETR,2024-02-22,True,
EOG,2024-02-22,True,
EPAM,2024-02-15,False,
EQT,2024-02-13,True,
EFX,2024-02-06,True,
EQIX,2024-02-13,True,
EQR,2024-01-30,True,
ESS,2024-02-05,True,
EL,2024-02-05,True,
ETSY,2024-02-20,False,
EG,2024-02-06,True,
EVRG,2024-02-22,True,
ES,2024-02-12,True,
EXC,2024-02-21,True,
EXPE,2024-02-07,True,
EXPD,2024-02-20,True,
EXR,2024-02-20,True,
XOM,2024-02-02,True,
FFIV,2024-01-29,False,
FDS,2024-03-21,True,
FICO,,True,
FAST,2024-04-11,True,2024-01-31
FRT,2024-02-12,True,
FDX,2024-03-21,True,
FIS,2024-02-12,True,
FITB,2024-04-19,True,
FSLR,2024-02-26,False,
FE,2024-02-08,True,2024-02-06
FI,2024-02-06,False,
FLT,2024-02-06,False,
FMC,2024-02-05,True,
F,2024-02-06,True,
FTNT,2024-02-05,False,
FTV,2024-01-31,True,2024-02-22
FOXA,2024-02-07,True,
FOX,,True,
BEN,2024-01-29,True,
FCX,2024-04-19,True,
GRMN,2024-02-21,True,2024-03-14
IT,2024-02-06,True,
GEHC,,True,
GEN,2024-01-31,True,
GNRC,2024-02-12,True,
GD,2024-04-24,True,
GE,2024-04-23,True,
GIS,2024-03-21,True,
GM,2024-01-30,True,
GPC,2024-02-21,True,
GILD,2024-01-31,True,
GPN,2024-02-08,True,
GL,2024-01-30,True,
GS,2024-04-16,True,2024-02-28
HAL,2024-04-23,True,2024-03-05
HIG,2024-02-01,True,
HAS,2024-02-13,True,2024-01-31
HCA,2024-01-30,True,
PEAK,2024-02-05,True,
HSIC,2024-02-27,False,
HSY,2024-02-08,True,
HES,2024-01-31,True,
HPE,2024-02-29,True,
HLT,2024-02-07,True,
HOLX,2024-01-30,False,
HD,2024-02-20,True,
HON,2024-02-01,True,
HRL,2024-02-29,True,
HST,2024-02-13,True,
HWM,2024-02-13,True,
HPQ,2024-02-26,True,
HUBB,2024-01-30,True,
HUM,,True,
HBAN,2024-04-18,True,2024-03-15
HII,2024-02-01,True,
IBM,2024-04-24,True,
IEX,2024-02-06,True,
IDXX,2024-02-05,False,
ITW,2024-02-01,True,
ILMN,2024-02-05,False,
INCY,2024-02-13,False,
IR,2024-02-15,True,
PODD,2024-02-21,False,
INTC,,True,
ICE,2024-02-08,True,
IFF,2024-02-06,True,
IP,2024-02-01,True,2024-02-21
IPG,2024-02-08,True,
INTU,2024-02-21,True,
ISRG,2024-04-16,False,
IVZ,2024-04-23,True,2024-02-15
INVH,2024-02-13,True,
IQV,2024-02-14,False,
IRM,2024-02-21,True,
JBHT,2024-04-15,True,2024-02-08
JBL,2024-03-14,True,
JKHY,2024-02-05,True,
J,,True,
JNJ,2024-04-16,True,2024-02-16
JCI,2024-01-30,True,
JPM,2024-04-12,True,
JNPR,2024-01-29,True,
K,2024-02-08,True,
KVUE,,True,
KDP,2024-02-21,True,
KEY,2024-04-18,True,2024-02-26
KEYS,2024-02-19,False,
KMB,2024-04-23,True,2024-03-07
KIM,,True,
KMI,2024-04-17,True,2024-01-30
KLAC,,True,
KHC,2024-02-14,True,
KR,2024-02-29,True,2024-02-14
LHX,,True,
LH,2024-02-15,True,2024-02-26
LRCX,2024-04-17,True,
LW,2024-04-04,True,2024-02-01
LVS,2024-04-17,True,
LDOS,2024-02-13,True,
LEN,2024-03-12,True,
LIN,,True,
LYV,2024-02-21,False,
LKQ,2024-02-22,True,
LMT,2024-04-16,True,2024-02-29
L,2024-02-05,True,
LOW,2024-02-28,True,
LULU,2024-03-26,False,
LYB,2024-02-02,True,
MTB,2024-04-15,True,
MRO,2024-02-13,True,
MPC,2024-01-30,True,
MKTX,2024-01-31,True,
MAR,2024-02-13,True,
MMC,,True,
MLM,2024-02-13,True,
MAS,2024-02-08,True,
MA,2024-01-31,True,
MTCH,2024-01-29,True,
MKC,,True,
MCD,2024-02-05,True,
MCK,2024-01-30,True,
MDT,2024-02-20,True,
MRK,2024-02-01,True,2024-03-14
META,2024-01-30,False,
MET,2024-01-30,True,2024-02-05
MTD,2024-02-08,False,
MGM,2024-02-06,True,
MCHP,2024-01-31,True,
MU,2024-03-26,True,
MSFT,2024-01-30,True,2024-02-14
MAA,2024-02-07,True,
MRNA,2024-02-22,False,
MHK,2024-02-07,False,
MOH,2024-02-07,False,
TAP,2024-02-13,True,
MDLZ,2024-01-30,True,
MPWR,2024-02-06,True,
MNST,2024-02-26,False,
MCO,2024-02-13,True,
MS,2024-04-17,True,2024-01-30
MOS,2024-02-20,True,2024-03-06
MSI,2024-02-07,True,
MSCI,2024-01-30,True,
NDAQ,2024-01-31,True,
NTAP,2024-02-29,True,
NFLX,2024-04-16,False,
NEM,2024-02-22,True,
NWSA,2024-02-07,True,
NWS,,True,
NEE,,True,
NKE,2024-03-19,True,
NI,2024-02-20,True,
NDSN,2024-02-19,True,
NSC,2024-01-26,True,2024-02-01
NTRS,2024-04-23,True,2024-03-07
NOC,,True,
NCLH,2024-02-26,False,
NRG,2024-02-28,True,2024-01-31
NUE,2024-01-29,True,
NVDA,2024-02-21,True,
NVR,2024-01-29,False,
NXPI,2024-02-05,True,
ORLY,2024-02-07,False,
OXY,2024-02-14,True,
ODFL,2024-01-31,True,
OMC,2024-02-05,True,
ON,2024-02-05,False,
OKE,2024-02-26,True,2024-01-29
ORCL,2024-03-07,True,
OTIS,2024-01-31,True,
PCAR,2024-04-23,True,2024-02-14
PKG,,True,
PANW,2024-02-19,False,
PARA,2024-02-14,True,
PH,2024-02-01,True,
PAYX,2024-03-27,True,2024-02-12
PAYC,2024-02-05,True,
PYPL,2024-02-07,False,
PNR,2024-01-30,True,
PEP,2024-02-09,True,
PFE,2024-01-30,True,
PCG,2024-02-21,True,
PM,2024-02-08,True,
PSX,2024-01-31,True,
PNW,2024-02-21,True,2024-01-31
PXD,2024-02-20,True,
PNC,2024-04-16,True,
POOL,2024-02-14,True,
PPG,2024-04-18,True,2024-02-15
PPL,2024-02-15,True,
PFG,2024-02-12,True,
PG,2024-04-18,True,
PGR,2024-02-14,True,
PLD,2024-04-16,True,
PRU,2024-02-06,True,
PEG,2024-02-19,True,
PTC,2024-01-30,False,
PSA,2024-02-19,True,
PHM,2024-01-30,True,
QRVO,2024-01-31,False,
PWR,2024-02-21,True,
QCOM,2024-01-31,True,2024-02-28
DGX,2024-02-01,True,
RL,2024-02-08,True,
RJF,2024-04-24,True,
RTX,2024-04-23,True,
O,2024-02-19,True,2024-01-31
REG,2024-02-07,True,
REGN,2024-02-02,False,
RF,2024-04-19,True,
RSG,2024-02-13,True,
RMD,,True,
RVTY,2024-02-01,True,
RHI,2024-01-30,True,
ROK,2024-01-31,True,
ROL,2024-02-13,True,2024-02-20
ROP,2024-01-31,True,
ROST,2024-02-26,True,
RCL,2024-02-01,True,
SPGI,2024-02-08,True,2024-02-26
CRM,2024-02-28,False,
SBAC,2024-02-19,True,
SLB,2024-04-19,True,2024-02-06
STX,2024-04-18,True,
SRE,2024-02-26,True,
NOW,,False,
SHW,,True,
SPG,2024-02-05,True,
SWKS,2024-01-30,True,
SJM,2024-02-26,True,2024-02-15
SNA,2024-01-31,True,
SO,2024-02-15,True,2024-02-16
LUV,,True,
SWK,2024-02-01,True,
SBUX,2024-01-30,True,2024-02-08
STT,2024-04-15,True,
STLD,2024-04-17,True,
STE,2024-02-06,True,
SYK,2024-01-30,True,
SYF,2024-04-17,True,
SNPS,2024-02-13,False,
SYY,2024-01-30,True,
TMUS,,True,
TROW,2024-02-08,True,
TTWO,2024-02-05,False,
TPR,2024-02-07,True,
TRGP,2024-02-15,True,2024-01-30
TGT,2024-02-26,True,2024-02-20
TEL,,True,2024-02-15
TDY,2024-04-23,False,
TFX,2024-02-21,True,
TER,2024-01-30,True,2024-02-15
TSLA,2024-04-17,False,
TXN,2024-04-23,True,2024-01-30
TXT,,True,
TMO,2024-01-31,True,
TJX,2024-02-20,True,2024-02-14
TSCO,2024-02-01,True,
TT,2024-02-01,True,
TDG,2024-02-05,True,
TRV,2024-04-17,True,2024-03-07
TRMB,2024-02-06,False,
TFC,2024-04-18,True,2024-02-08
TYL,2024-02-13,True,
TSN,2024-02-05,True,2024-02-29
USB,2024-04-17,True,
UBER,2024-02-07,False,
UDR,2024-02-05,True,
ULTA,2024-03-07,True,
UNP,,True,
UAL,2024-04-16,True,
UPS,2024-01-30,True,
URI,,True,
UNH,2024-04-12,True,
UHS,2024-02-26,True,2024-02-29
VLO,,True,2024-01-31
VTR,2024-02-07,True,
VLTO,,True,
VRSN,2024-02-08,True,
VRSK,2024-02-21,True,
VZ,2024-04-22,True,
VRTX,2024-02-05,False,
VFC,2024-02-05,True,
VTRS,2024-02-26,True,
VICI,2024-02-21,True,
V,,True,
VMC,2024-02-16,True,
WRB,2024-04-18,True,
WAB,2024-02-14,True,
WBA,2024-03-26,True,2024-02-16
WMT,2024-02-19,True,
DIS,2024-02-06,True,
WBD,2024-02-21,False,
WM,2024-01-30,True,
WAT,2024-02-06,True,
WEC,2024-02-01,True,2024-02-13
WFC,2024-04-12,True,2024-02-01
WELL,,True,
WST,2024-02-14,True,2024-01-30
WDC,,True,
WRK,2024-02-01,True,
WY,,True,
WHR,2024-01-29,True,
WMB,2024-02-19,True,
WTW,2024-02-06,True,
GWW,2024-02-02,True,
WYNN,2024-02-06,True,
XEL,,True,
XYL,2024-02-06,True,
YUM,2024-02-07,True,
ZBRA,2024-02-15,False,
ZBH,2024-02-08,True,
ZION,2024-04-22,True,
ZTS,2024-02-13,True,
MMM,2024-04-23,True,
