Index,Name,ISIN,Country,Currency,Exchange,Type of Security,Rating,Primary Listing,Industry Classification,Weighting,Ticker
1,NOVO-NORDISK ORD,DK0062498333,Dänemark,DKK,Copenhagen Stock Exchange,Equity,-,-,Gesundheitswesen,"3,27%",NOVO-B.CO
2,ASML HOLDING ORD,NL0010273215,Niederlande,EUR,Euronext Amsterdam,Equity,Baa2,Amsterdam Exchanges Index,Technologie,"3,12%",ASML.AS
3,NESTLE SA ORD,CH0038863350,Schweiz,CHF,Scoach Switzerland,Equity,Aa2,Swiss Market Index,Basiskonsumgüter,"2,74%",NESN.SW
4,LVMH MOET HENNESSY LOUIS VUITT,FR0000121014,Frankreich,EUR,Euronext Paris,Equity,A1,CAC 40 Index,Verbrauchsgüter,"1,94%",MC.PA
5,NOVARTIS ORD,CH0012005267,Schweiz,CHF,Scoach Switzerland,Equity,Aa3,Swiss Market Index,Gesundheitswesen,"1,91%",NOVN.SW
6,SHELL PLC ORD,GB00BP6MXD84,Niederlande,GBP,London Stock Exchange,Equity,-,FTSE 100 Index,Energie,"1,85%",SHEL.L
7,ASTRAZENECA ORD,GB0009895292,Großbritannien (UK),GBP,London Stock Exchange,Equity,A2,FTSE 100 Index,Gesundheitswesen,"1,85%",AZN.L
8,ROCHE ORD,CH0012032048,Schweiz,CHF,Scoach Switzerland,Equity,A1,Swiss Market Index,Gesundheitswesen,"1,81%",ROG.SW
9,SAP SE ORD,DE0007164600,Deutschland,EUR,XETRA,Equity,-,DAX Index,Technologie,"1,59%",SAP.DE
10,TOTALENERGIES SE ORD,FR0000120271,Frankreich,EUR,Euronext Paris,Equity,Aa1,CAC 40 Index,Energie,"1,41%",TTE.PA
11,HSBC HOLDINGS ORD,GB0005405286,Großbritannien (UK),GBP,London Stock Exchange,Equity,Aa3,FTSE 100 Index,Finanzdienstleister,"1,36%",HSBA.L
12,SIEMENS ORD,DE0007236101,Deutschland,EUR,XETRA,Equity,Aa3,DAX Index,Industrieunternehmen,"1,21%",SIE.DE
13,UNILEVER PLC ORD,GB00B10RZP78,Großbritannien (UK),GBP,London Stock Exchange,Equity,A1,FTSE 100 Index,Verbrauchsgüter,"1,10%",ULVR.L
14,L OREAL S.A.,FR0000120321,Frankreich,EUR,Euronext Paris,Equity,-,CAC 40 Index,Verbrauchsgüter,"1,05%",OR.PA
15,SANOFI SA ORD,FR0000120578,Frankreich,EUR,Euronext Paris,Equity,A1,CAC 40 Index,Gesundheitswesen,"1,04%",SAN.PA
16,SCHNEIDER ELECTRIC SE,FR0000121972,Frankreich,EUR,Euronext Paris,Equity,A3,CAC 40 Index,Industrieunternehmen,"1,02%",SU.PA
17,ALLIANZ,DE0008404005,Deutschland,EUR,XETRA,Equity,Aa3,DAX Index,Finanzdienstleister,"0,97%",ALV.DE
18,BP ORD,GB0007980591,Großbritannien (UK),GBP,London Stock Exchange,Equity,A2,FTSE 100 Index,Energie,"0,89%",BP.L
19,AIR LIQUIDE ORD,FR0000120073,Frankreich,EUR,Euronext Paris,Equity,A1,CAC 40 Index,Grundstoffe,"0,88%",AI.PA
20,AIRBUS SE,NL0000235190,Niederlande,EUR,Euronext Paris,Equity,A2,CAC 40 Index,Industrieunternehmen,"0,84%",AIR.PA
21,UBS GROUP AG,CH0244767585,Schweiz,CHF,Scoach Switzerland,Equity,-,Swiss Market Index,Finanzdienstleister,"0,83%",UBSG.SW
22,DEUTSCHE TELEKOM AG ORD,DE0005557508,Deutschland,EUR,XETRA,Equity,Baa1,DAX Index,Telekommunikation,"0,76%",DTE.DE
23,GSK PLC ORD,GB00BN7SWP63,Großbritannien (UK),GBP,-,Equity,-,-,Gesundheitswesen,"0,73%",GSK.L
24,DIAGEO ORD,GB0002374006,Großbritannien (UK),GBP,London Stock Exchange,Equity,A3,FTSE 100 Index,Basiskonsumgüter,"0,73%",DGE.L
25,RELX PLC ORD,GB00B2B0DG97,Großbritannien (UK),GBP,London Stock Exchange,Equity,Baa1,FTSE 100 Index,Verbrauchsgüter,"0,72%",REL.L
26,CIE FINANCIERE RICHEMONT AG ZUG ORD,CH0210483332,Schweiz,CHF,Scoach Switzerland,Equity,-,Swiss Market Index,Verbrauchsgüter,"0,70%",CFR.SW
27,VINCI ORD,FR0000125486,Frankreich,EUR,Euronext Paris,Equity,Baa1,CAC 40 Index,Industrieunternehmen,"0,68%",DG.PA
28,RIO TINTO PLC,GB0007188757,Australien,GBP,London Stock Exchange,Equity,A3,FTSE 100 Index,Grundstoffe,"0,67%",RIO.L
29,ZURICH INSURANCE GROUP AG,CH0011075394,Schweiz,CHF,Scoach Switzerland,Equity,-,Swiss Market Index,Finanzdienstleister,"0,67%",ZURN.SW
30,HERMES INTL ORD,FR0000052292,Frankreich,EUR,Euronext Paris,Equity,-,CAC 40 Index,Verbrauchsgüter,"0,67%",RMS.PA
31,BNP PARIBAS SA,FR0000131104,Frankreich,EUR,Euronext Paris,Equity,Baa2,CAC 40 Index,Finanzdienstleister,"0,66%",BNP.PA
32,SAFRAN ORD,FR0000073272,Frankreich,EUR,Euronext Paris,Equity,-,CAC 40 Index,Industrieunternehmen,"0,64%",SAF.PA
33,IBERDROLA SA,ES0144580Y14,Spanien,EUR,Mercado Continuo Espana,Equity,Baa1,IBEX 35 Index,Versorgungsunternehmen,"0,63%",IBE.MC
34,ABB LTD ORD,CH0012221716,Schweiz,CHF,Scoach Switzerland,Equity,A2,Swiss Market Index,Industrieunternehmen,"0,62%",ABBN.SW
35,BANCO SANTANDER SA ORD,ES0113900J37,Spanien,EUR,Mercado Continuo Espana,Equity,Baa1,IBEX 35 Index,Finanzdienstleister,"0,59%",SAN.MC
36,AXA ORD,FR0000120628,Frankreich,EUR,Euronext Paris,Equity,A2,CAC 40 Index,Finanzdienstleister,"0,58%",CS.PA
37,BRITISH AMERICAN TOBACCO ORD,GB0002875804,Großbritannien (UK),GBP,London Stock Exchange,Equity,A3,FTSE 100 Index,Basiskonsumgüter,"0,54%",BATS.L
38,ESSILORLUXOTTICA ORD,FR0000121667,Frankreich,EUR,Euronext Paris,Equity,A2,CAC 40 Index,Gesundheitswesen,"0,54%",EL.PA
39,MUNICH RE ORD,DE0008430026,Deutschland,EUR,XETRA,Equity,Aa3,DAX Index,Finanzdienstleister,"0,52%",MUV2.DE
40,BBVA ORD,ES0113211835,Spanien,EUR,Mercado Continuo Espana,Equity,Baa2,IBEX 35 Index,Finanzdienstleister,"0,50%",BBVA.MC
41,ANHEUSER-BUSCH INBEV SA/NV ORD,BE0974293251,Belgien,EUR,Euronext Brussels,Equity,-,BEL 20 Index,Basiskonsumgüter,"0,50%",ABI.BR
42,MERCEDES-BENZ GROUP N AG,DE0007100000,Deutschland,EUR,XETRA,Equity,A3,DAX Index,Basiskonsumgüter,"0,49%",MBG.DE
43,GLENCORE PLC,JE00B4T3BW64,Australien,GBP,London Stock Exchange,Equity,Aa3,FTSE 100 Index,Grundstoffe,"0,48%",GLEN.L
44,RECKITT BNCSR GRP ORD,GB00B24CGK77,Großbritannien (UK),GBP,London Stock Exchange,Equity,A1,FTSE 100 Index,Verbrauchsgüter,"0,48%",RKT.L
45,ENEL GLOBAL TRADING ORD,IT0003128367,Italien,EUR,Milan Stock Exchange,Equity,Baa2,FTSE Italia All-Share Index,Versorgungsunternehmen,"0,48%",ENEL.MI
46,UNICREDIT SPA ORD,IT0005239360,Italien,EUR,Milan Stock Exchange,Equity,-,FTSE Italia All-Share Index,Finanzdienstleister,"0,47%",UCG.MI
47,STELLANTIS NV ORD,NL00150001Q9,Niederlande,EUR,Milan Stock Exchange,Equity,-,FTSE Italia All-Share Index,Basiskonsumgüter,"0,45%",STLA
48,LONDON STOCK EXCHANGE GROUP ORD,GB00B0SWJX34,Großbritannien (UK),GBP,London Stock Exchange,Equity,Baa2,FTSE 100 Index,Finanzdienstleister,"0,45%",LSEG.L
49,INTESA SANPAOLO ORD,IT0000072618,Italien,EUR,Milan Stock Exchange,Equity,Baa2,FTSE Italia All-Share Index,Finanzdienstleister,"0,45%",ISP.MI
50,CRH PLC ORD,IE0001827041,Irland,GBP,Irish Stock Exchange,Equity,Baa2,ISEQ Irish Overall Index,Industrieunternehmen,"0,45%",CRH
51,NATIONAL GRID ORD,GB00BDR05C01,Großbritannien (UK),GBP,London Stock Exchange,Equity,-,FTSE 100 Index,Versorgungsunternehmen,"0,44%",NG.L
52,COMPASS GROUP ORD,GB00BD6K4575,Großbritannien (UK),GBP,London Stock Exchange,Equity,-,FTSE 100 Index,Verbrauchsgüter,"0,44%",CPG.L
53,ING GROEP ORD,NL0011821202,Niederlande,EUR,Euronext Amsterdam,Equity,-,Amsterdam Exchanges Index,Finanzdienstleister,"0,44%",INGA.AS
54,INDUSTRIA DISENO TEXTIL ORD,ES0148396007,Spanien,EUR,Mercado Continuo Espana,Equity,-,IBEX 35 Index,Verbrauchsgüter,"0,43%",ITX.MC
55,INFINEON TECHNOLOGIES ORD,DE0006231004,Deutschland,EUR,XETRA,Equity,-,DAX Index,Technologie,"0,43%",IFX.DE
56,PROSUS NV ORD,NL0013654783,Niederlande,EUR,Euronext Amsterdam,Equity,-,Amsterdam Exchanges Index,Technologie,"0,42%",PRX.AS
57,BAE SYSTEMS ORD,GB0002634946,Großbritannien (UK),GBP,London Stock Exchange,Equity,Baa2,FTSE 100 Index,Industrieunternehmen,"0,41%",BA.L
58,DEUTSCHE POST ORD,DE0005552004,Deutschland,EUR,XETRA,Equity,Baa1,DAX Index,Industrieunternehmen,"0,40%",DHL.DE
59,NORDEA BANK ABP ORD,FI4000297767,Finnland,EUR,Helsinki Stock Exchange,Equity,-,OMX Stockholm 30 Index,Finanzdienstleister,"0,39%",NDA-SE.ST
60,INVESTOR ORD,SE0015811963,Schweden,SEK,-,Equity,-,OMX Stockholm 30 Index,Finanzdienstleister,"0,39%",INVE-B.ST
61,BASF SE ORD,DE000BASF111,Deutschland,EUR,XETRA,Equity,A1,DAX Index,Grundstoffe,"0,38%",BAS.DE
62,GROUPE DANONE ORD,FR0000120644,Frankreich,EUR,Euronext Paris,Equity,A3,CAC 40 Index,Basiskonsumgüter,"0,38%",BN.PA
63,SIKA ORD,CH0418792922,Schweiz,CHF,-,Equity,-,Swiss Market Index,Industrieunternehmen,"0,38%",SIKA.SW
64,ATLAS COPCO SR A ORD,SE0017486889,Schweden,SEK,-,Equity,-,OMX Stockholm 30 Index,Industrieunternehmen,"0,37%",ATCO-A.ST
65,FERRARI N V/D,NL0011585146,Italien,EUR,Milan Stock Exchange,Equity,-,FTSE Italia All-Share Index,Basiskonsumgüter,"0,37%",RACE.MI
66,HOLCIM LTD AG,CH0012214059,Vereinigte Staaten von Amerika,CHF,Scoach Switzerland,Equity,Baa2,Swiss Market Index,Industrieunternehmen,"0,37%",HOLN.SW
67,CAPGEMINI ORD,FR0000125338,Frankreich,EUR,Euronext Paris,Equity,Baa2,CAC 40 Index,Technologie,"0,35%",CAP.PA
68,EXPERIAN ORD,GB00B19NLV48,Irland,GBP,London Stock Exchange,Equity,-,FTSE 100 Index,Industrieunternehmen,"0,34%",EXPN.L
69,VOLVO CL B ORD,SE0000115446,Schweden,SEK,Stockholm Stock Exchange,Equity,Baa2,OMX Stockholm 30 Index,Industrieunternehmen,"0,34%",VOLVBS.XC
70,DEUTSCHE BOERSE AG ORD,DE0005810055,Deutschland,EUR,XETRA,Equity,Aa2,DAX Index,Finanzdienstleister,"0,34%",DB1.DE
71,ALCON INC ORD,CH0432492467,Schweiz,CHF,Scoach Switzerland,Equity,-,Swiss Market Index,Gesundheitswesen,"0,34%",ALC.SW
72,DASSAULT SYSTEMES ORD,FR0014003TT8,Frankreich,EUR,-,Equity,-,-,Technologie,"0,34%",DSY.PA
73,LONZA GRP AG N ORD,CH0013841017,Schweiz,CHF,Scoach Switzerland,Equity,-,Swiss Market Index,Gesundheitswesen,"0,33%",LONN.SW
74,WOLTERS KLUWERS ORD,NL0000395903,Niederlande,EUR,Euronext Amsterdam,Equity,Baa1,Amsterdam Exchanges Index,Verbrauchsgüter,"0,33%",WKL.AS
75,ENI ORD,IT0003132476,Italien,EUR,Milan Stock Exchange,Equity,A3,FTSE Italia All-Share Index,Energie,"0,33%",ENI.MI
76,FLUTTER ENTERTAINMENT ORD,IE00BWT6H894,Irland,GBP,London Stock Exchange,Equity,-,FTSE 100 Index,Verbrauchsgüter,"0,33%",FLTR.L
77,ADYEN NV ORD,NL0012969182,Niederlande,EUR,Euronext Amsterdam,Equity,-,Amsterdam Exchanges Index,Industrieunternehmen,"0,33%",ADYEN.AS
78,SAINT-GOBAIN ORD,FR0000125007,Frankreich,EUR,Euronext Paris,Equity,Baa2,CAC 40 Index,Industrieunternehmen,"0,32%",SGO.PA
79,LLOYDS TSB GRP,GB0008706128,Großbritannien (UK),GBP,London Stock Exchange,Equity,A2,FTSE 100 Index,Finanzdienstleister,"0,31%",LLOY.L
80,GIVAUDAN ORD,CH0010645932,Schweiz,CHF,Scoach Switzerland,Equity,-,Swiss Market Index,Grundstoffe,"0,30%",GIVN.SW
81,SWISS REINSURANCE ORD,CH0126881561,Schweiz,CHF,Scoach Switzerland,Equity,-,Swiss Market Index,Finanzdienstleister,"0,30%",SREN.SW
82,PERNOD-RICARD ORD,FR0000120693,Frankreich,EUR,Euronext Paris,Equity,Baa3,CAC 40 Index,Basiskonsumgüter,"0,30%",RI.PA
83,DSV AS ORD,DK0060079531,Dänemark,DKK,Copenhagen Stock Exchange,Equity,-,OMX COPENHAGEN 20 Index,Industrieunternehmen,"0,29%",DSV.CO
84,ROLLS-ROYCE HOLDINGS ORD,GB00B63H8491,Großbritannien (UK),GBP,London Stock Exchange,Equity,A2,FTSE 100 Index,Industrieunternehmen,"0,29%",RR.L
85,AMADEUS IT GROUP SA ORD,ES0109067019,Spanien,EUR,Mercado Continuo Espana,Equity,Baa2,IBEX 35 Index,Technologie,"0,28%",AMS.MC
86,ADIDAS ORD,DE000A1EWWW0,Deutschland,EUR,XETRA,Equity,-,DAX Index,Verbrauchsgüter,"0,28%",ADS.DE
87,BMW AG,DE0005190003,Deutschland,EUR,XETRA,Equity,A2,DAX Index,Basiskonsumgüter,"0,28%",BMW.DE
88,PARTNERS GROUPAG ORD,CH0024608827,Schweiz,CHF,Scoach Switzerland,Equity,-,Swiss Market Index,Finanzdienstleister,"0,28%",PGHN.SW
89,BAYER AG,DE000BAY0017,Deutschland,EUR,XETRA,Equity,A3,DAX Index,Gesundheitswesen,"0,28%",BAYN.DE
90,3I GROUP ORD,GB00B1YW4409,Großbritannien (UK),GBP,London Stock Exchange,Equity,Baa2,FTSE 100 Index,Finanzdienstleister,"0,27%",III.L
91,ANGLO AMERICAN ORD,GB00B1XZS820,Großbritannien (UK),GBP,London Stock Exchange,Equity,Baa2,FTSE 100 Index,Grundstoffe,"0,27%",AAL.L
92,ENGIE ORD,FR0010208488,Frankreich,EUR,Euronext Paris,Equity,A1,CAC 40 Index,Versorgungsunternehmen,"0,27%",ENGI.PA
93,ASHTEAD GROUP ORD,GB0000536739,Großbritannien (UK),GBP,London Stock Exchange,Equity,Ba2,FTSE 100 Index,Industrieunternehmen,"0,27%",AHT.L
94,KERING SA,FR0000121485,Frankreich,EUR,Euronext Paris,Equity,Baa2,CAC 40 Index,Verbrauchsgüter,"0,27%",KER.PA
95,STMICROELECTRONICS ORD,NL0000226223,Niederlande,EUR,Euronext Paris,Equity,Baa2,CAC 40 Index,Technologie,"0,26%",STMPA.PA
96,HEINEKEN ORD,NL0000009165,Niederlande,EUR,Euronext Amsterdam,Equity,Baa1,Amsterdam Exchanges Index,Basiskonsumgüter,"0,26%",HEIA.AS
97,VESTAS WIND SYSTEMS ORD,DK0061539921,Dänemark,DKK,Copenhagen Stock Exchange,Equity,-,-,Energie,"0,26%",VWS.CO
98,PRUDENTIAL PLC,GB0007099541,Hong Kong,GBP,London Stock Exchange,Equity,A2,FTSE 100 Index,Finanzdienstleister,"0,26%",PRU.L
99,EQUINOR ORD,NO0010096985,Norwegen,NOK,Oslo Stock Exchange,Equity,B1,Oslo SE All-share Index,Energie,"0,26%",EQNR.OL
100,E.ON ORD,DE000ENAG999,Deutschland,EUR,XETRA,Equity,A3,DAX Index,Versorgungsunternehmen,"0,25%",EOAN.DE
101,ASSA ABLOY ORD,SE0007100581,Schweden,SEK,Stockholm Stock Exchange,Equity,-,OMX Stockholm 30 Index,Industrieunternehmen,"0,25%",ASSA-B.ST
102,KONINKLIJKE AHOLD DELHAIZE NV ORD,NL0011794037,Niederlande,EUR,Euronext Amsterdam,Equity,-,Amsterdam Exchanges Index,Verbrauchsgüter,"0,24%",AD.AS
103,VOLKSWAGEN PRF,DE0007664039,Deutschland,EUR,XETRA,Equity,A3,DAX Index,Basiskonsumgüter,"0,24%",VOW3.DE
104,DEUTSCHE BANK ORD,DE0005140008,Deutschland,EUR,XETRA,Equity,-,DAX Index,Finanzdienstleister,"0,24%",DBK.DE
105,BARCLAYS ORD,GB0031348658,Großbritannien (UK),GBP,London Stock Exchange,Equity,A3,FTSE 100 Index,Finanzdienstleister,"0,24%",BARC.L
106,ASM INTL ORD,NL0000334118,Niederlande,EUR,Euronext Amsterdam,Equity,Ba1,Amsterdam Exchanges Index,Technologie,"0,23%",ASM.AS
107,LEGRAND ORD,FR0010307819,Frankreich,EUR,Euronext Paris,Equity,A3,CAC 40 Index,Industrieunternehmen,"0,23%",LR.PA
108,TESCO ORD,GB00BLGZ9862,Großbritannien (UK),GBP,-,Equity,-,-,Verbrauchsgüter,"0,23%",TSCO.L
109,HALEON PLC ORD,GB00BMX86B70,Großbritannien (UK),GBP,-,Equity,-,-,Gesundheitswesen,"0,23%",HLN.L
110,RWE ST A ORD,DE0007037129,Deutschland,EUR,XETRA,Equity,Baa1,DAX Index,Versorgungsunternehmen,"0,23%",RWE.DE
111,GENERALI ORD,IT0000062072,Italien,EUR,Milan Stock Exchange,Equity,Baa2,FTSE Italia All-Share Index,Finanzdienstleister,"0,22%",G.MI
112,ORANGE SA,FR0000133308,Frankreich,EUR,Euronext Paris,Equity,Baa1,CAC 40 Index,Telekommunikation,"0,22%",ORA.PA
113,PUBLICIS GROUPE ORD,FR0000130577,Frankreich,EUR,Euronext Paris,Equity,Baa2,CAC 40 Index,Verbrauchsgüter,"0,21%",PUB.PA
114,MICHELIN ORD,FR001400AJ45,Frankreich,EUR,-,Equity,-,-,Basiskonsumgüter,"0,21%",ML.PA
115,SSE PLC,GB0007908733,Großbritannien (UK),GBP,London Stock Exchange,Equity,A3,FTSE 100 Index,Versorgungsunternehmen,"0,21%",SSE.L
116,TELEFONICA SA ORD,ES0178430E18,Spanien,EUR,Mercado Continuo Espana,Equity,Baa2,IBEX 35 Index,Telekommunikation,"0,21%",TEF.MC
117,HEXAGON ORD,SE0015961909,Schweden,SEK,-,Equity,-,OMX Stockholm 30 Index,Technologie,"0,21%",HEXA-B.ST
118,SKANDINAVISKA ENSKILDAANKEN ORD,SE0000148884,Schweden,SEK,Stockholm Stock Exchange,Equity,A1,OMX Stockholm 30 Index,Finanzdienstleister,"0,21%",SEB-A.ST
119,SANDVIK ORD,SE0000667891,Schweden,SEK,Stockholm Stock Exchange,Equity,Baa2,OMX Stockholm 30 Index,Industrieunternehmen,"0,20%",SAND.ST
120,EVOLUTION AB ORD,SE0012673267,Schweden,SEK,-,Equity,-,OMX Stockholm 30 Index,Verbrauchsgüter,"0,20%",EVO.ST
121,UNIVERSAL MUSIC GROUP NV ORD,NL0015000IY2,Niederlande,EUR,Euronext Amsterdam,Equity,-,Amsterdam Exchanges Index,Verbrauchsgüter,"0,20%",UMG.AS
122,ARGEN X NV,NL0010832176,Niederlande,EUR,Euronext Brussels,Equity,-,-,Gesundheitswesen,"0,20%",ARGX.BR
123,VEOLIA ENVIRONNEMENT VE ORD,FR0000124141,Frankreich,EUR,Euronext Paris,Equity,Baa1,CAC 40 Index,Versorgungsunternehmen,"0,20%",VIE.PA
124,VONOVIA SE,DE000A1ML7J1,Deutschland,EUR,XETRA,Equity,Baa2,DAX Index,Immobilien,"0,20%",VNA.F
125,MERCK ORD,DE0006599905,Deutschland,EUR,XETRA,Equity,A3,DAX Index,Gesundheitswesen,"0,19%",MRK.DE
126,SWISS LIFE ORD,CH0014852781,Schweiz,CHF,Scoach Switzerland,Equity,-,Swiss Market Index,Finanzdienstleister,"0,19%",SLHN.SW
127,SOCIETE GENERALE ORD,FR0000130809,Frankreich,EUR,Euronext Paris,Equity,A2,CAC 40 Index,Finanzdienstleister,"0,19%",GLE.PA
128,DAIMLER TRUCK AG ORD,DE000DTR0CK8,Deutschland,EUR,-,Equity,-,DAX Index,Industrieunternehmen,"0,19%",DTG.F
129,EQT ORD,SE0012853455,Schweden,SEK,-,Equity,-,OMX Stockholm 30 Index,Finanzdienstleister,"0,18%",EQT.ST
130,FERROVIAL INTERNATIONAL ORD,NL0015001FS8,Spanien,EUR,-,Equity,-,-,Industrieunternehmen,"0,18%",FER.MC
131,IMPERIAL BRANDS PLC ORD,GB0004544929,Großbritannien (UK),GBP,London Stock Exchange,Equity,Baa3,FTSE 100 Index,Basiskonsumgüter,"0,18%",IMB.L
132,KONE ORD,FI0009013403,Finnland,EUR,Helsinki Stock Exchange,Equity,-,OMX Helsinki Index,Industrieunternehmen,"0,18%",KNEBV.HE
133,VODAFONE GROUP ORD,GB00BH4HKS39,Großbritannien (UK),GBP,London Stock Exchange,Equity,A3,FTSE 100 Index,Telekommunikation,"0,18%",VOD.L
134,SAMPO PLC ORD,FI4000552500,Finnland,EUR,-,Equity,-,-,Finanzdienstleister,"0,18%",SAMPO.HE
135,UPM-KYMMENE OY ORD,FI0009005987,Finnland,EUR,Helsinki Stock Exchange,Equity,Ba1,OMX Helsinki Index,Grundstoffe,"0,17%",UPM.HE
136,KUEHNE NAGEL INTERNATIONAL ORD,CH0025238863,Schweiz,CHF,Scoach Switzerland,Equity,-,Swiss Market Index,Industrieunternehmen,"0,17%",KNIN.SW
137,GEBERIT ORD,CH0030170408,Schweiz,CHF,Scoach Switzerland,Equity,A2,Swiss Market Index,Industrieunternehmen,"0,17%",GEBN.SW
138,DSM-FIRMENICH ORD,CH1216478797,Schweiz,EUR,Euronext Amsterdam,Equity,-,Amsterdam Exchanges Index,Basiskonsumgüter,"0,17%",DSFIR.AS
139,LEGAL AND GENERAL GROUP PLC,GB0005603997,Großbritannien (UK),GBP,London Stock Exchange,Equity,A3,FTSE 100 Index,Finanzdienstleister,"0,17%",LGEN.L
140,NOKIA ORD,FI0009000681,Finnland,EUR,Helsinki Stock Exchange,Equity,B1,OMX Helsinki Index,Telekommunikation,"0,17%",NOKIA.HE
141,REPSOL YPF SA ORD,ES0173516115,Spanien,EUR,Mercado Continuo Espana,Equity,Baa2,IBEX 35 Index,Energie,"0,17%",REP.MC
142,NOVOZYMES ORD,DK0060336014,Dänemark,DKK,Copenhagen Stock Exchange,Equity,-,OMX COPENHAGEN 20 Index,Gesundheitswesen,"0,17%",NZYM-B.CO
143,SWEDBANK ORD,SE0000242455,Schweden,SEK,Stockholm Stock Exchange,Equity,A1,OMX Stockholm 30 Index,Finanzdienstleister,"0,17%",SWED-A.ST
144,CELLNEX TELECOM,ES0105066007,Spanien,EUR,Mercado Continuo Espana,Equity,-,IBEX 35 Index,Telekommunikation,"0,17%",CLNX.MC
145,GENMAB ORD,DK0010272202,Dänemark,DKK,Copenhagen Stock Exchange,Equity,-,OMX COPENHAGEN 20 Index,Gesundheitswesen,"0,17%",GMAB.CO
146,DANSKE BANK ORD,DK0010274414,Dänemark,DKK,Copenhagen Stock Exchange,Equity,Baa1,OMX COPENHAGEN 20 Index,Finanzdienstleister,"0,16%",DANSKE.CO
147,STRAUMANN N ORD,CH1175448666,Schweiz,CHF,-,Equity,-,Swiss Market Index,Gesundheitswesen,"0,16%",STMN.SW
148,CREDIT AGRICOLE SA,FR0000045072,Frankreich,EUR,Euronext Paris,Equity,A2,CAC 40 Index,Finanzdienstleister,"0,16%",ACA.PA
149,DNB BANK ORD,NO0010161896,Norwegen,NOK,Oslo Stock Exchange,Equity,-,Oslo SE All-share Index,Finanzdienstleister,"0,15%",DNB.OL
150,TELEFONAKTIEBOLAGET LM ERICSSON ORD,SE0000108656,Schweden,SEK,Stockholm Stock Exchange,Equity,Baa1,OMX Stockholm 30 Index,Telekommunikation,"0,15%",ERIC-B.ST
151,SVENSKA HANDELSBANKEN CLS A ORD,SE0007100599,Schweden,SEK,Stockholm Stock Exchange,Equity,-,OMX Stockholm 30 Index,Finanzdienstleister,"0,15%",SHB-A.ST
152,KONINKLIJKE PHILIPS NV,NL0000009538,Niederlande,EUR,Euronext Amsterdam,Equity,A3,Amsterdam Exchanges Index,Gesundheitswesen,"0,15%",PHIA.AS
153,STANDARD CHARTERED PLC ORD,GB0004082847,Großbritannien (UK),GBP,London Stock Exchange,Equity,A2,FTSE 100 Index,Finanzdienstleister,"0,15%",STAN.L
154,INTERCONTL HOTELS ORD,GB00BHJYC057,Großbritannien (UK),GBP,-,Equity,-,-,Verbrauchsgüter,"0,15%",IHG.L
155,CAIXABANK SA,ES0140609019,Spanien,EUR,Mercado Continuo Espana,Equity,Baa3,IBEX 35 Index,Finanzdienstleister,"0,14%",CABK.MC
156,KBC GROEP ORD,BE0003565737,Belgien,EUR,Euronext Brussels,Equity,A3,BEL 20 Index,Finanzdienstleister,"0,14%",KBC.BR
157,SONOVA ORD,CH0012549785,Schweiz,CHF,Scoach Switzerland,Equity,-,Swiss Market Index,Gesundheitswesen,"0,14%",SOON.SW
158,NATWEST GROUP PLC ORD,GB00BM8PJY71,Großbritannien (UK),GBP,-,Equity,-,-,Finanzdienstleister,"0,14%",NWG.L
159,SIEMENS HEALTHINEERS AG ORD,DE000SHL1006,Deutschland,EUR,XETRA,Equity,-,DAX Index,Gesundheitswesen,"0,14%",SHL.F
160,SAGE GROUP ORD,GB00B8C3BL03,Großbritannien (UK),GBP,London Stock Exchange,Equity,B1,FTSE 100 Index,Technologie,"0,14%",SGE.L
161,SWISSCOM ORD,CH0008742519,Schweiz,CHF,Scoach Switzerland,Equity,A2,Swiss Market Index,Telekommunikation,"0,14%",SCMN.SW
162,RHEINMETALL ORD,DE0007030009,Deutschland,EUR,XETRA,Equity,Ba1,DAX Index,Industrieunternehmen,"0,14%",RHM.DE
163,AVIVA ORD,GB00BPQY8M80,Großbritannien (UK),GBP,-,Equity,-,-,Finanzdienstleister,"0,13%",AV.L
164,EDENRED ORD,FR0010908533,Frankreich,EUR,Euronext Paris,Equity,Baa1,CAC 40 Index,Industrieunternehmen,"0,13%",EDEN.PA
165,THALES ORD,FR0000121329,Frankreich,EUR,Euronext Paris,Equity,A2,CAC 40 Index,Industrieunternehmen,"0,13%",HO.PA
166,SANDOZ GROUP AG ORD,CH1243598427,Schweiz,CHF,-,Equity,-,Swiss Market Index,Gesundheitswesen,"0,13%",SDZ.SW
167,NESTE OYJ ORD,FI0009013296,Finnland,EUR,Helsinki Stock Exchange,Equity,-,OMX Helsinki Index,Energie,"0,13%",NESTE.HE
168,COLOPLAST ORD,DK0060448595,Dänemark,DKK,Copenhagen Stock Exchange,Equity,-,OMX COPENHAGEN 20 Index,Gesundheitswesen,"0,13%",COLO-B.CO
169,HANNOVER RUECKVERSICHERUNG ORD,DE0008402215,Deutschland,EUR,XETRA,Equity,Aa3,DAX Index,Finanzdienstleister,"0,13%",HNR1.DE
170,BEIERSDORF ORD,DE0005200000,Deutschland,EUR,XETRA,Equity,-,DAX Index,Verbrauchsgüter,"0,13%",BEI.DE
171,ARCELORMITTAL ORD,LU1598757687,Luxemburg,EUR,Euronext Amsterdam,Equity,-,Amsterdam Exchanges Index,Grundstoffe,"0,13%",MT.AS
172,ESSITY AKTIEBOLAG B ORD,SE0009922164,Schweden,SEK,Stockholm Stock Exchange,Equity,-,OMX Stockholm 30 Index,Verbrauchsgüter,"0,13%",ESSITY-B.ST
173,ERSTE GRP BANK ORD,AT0000652011,Österreich,EUR,Vienna Stock Exchange,Equity,Baa1,Austrian Traded Index,Finanzdienstleister,"0,13%",EBS.VI
174,SGS SA,CH1256740924,Schweiz,CHF,-,Equity,-,Swiss Market Index,Industrieunternehmen,"0,13%",SGSN.SW
175,KERRY GROUP ORD,IE0004906560,Irland,EUR,Irish Stock Exchange,Equity,Baa2,ISEQ Irish Overall Index,Basiskonsumgüter,"0,12%",KRZ.IR
176,BUNZL ORD,GB00B0744B38,Großbritannien (UK),GBP,London Stock Exchange,Equity,-,FTSE 100 Index,Industrieunternehmen,"0,12%",BNZL.L
177,INFORMA ORD,GB00BMJ6DW54,Großbritannien (UK),GBP,London Stock Exchange,Equity,-,FTSE 100 Index,Verbrauchsgüter,"0,12%",INF.L
178,AKZO NOBEL ORD,NL0013267909,Niederlande,EUR,Euronext Amsterdam,Equity,-,Amsterdam Exchanges Index,Grundstoffe,"0,12%",AKZA.AS
179,AENA SME,ES0105046009,Spanien,EUR,Mercado Continuo Espana,Equity,-,IBEX 35 Index,Industrieunternehmen,"0,12%",AENA.MC
180,LOGITECH ORD,CH0025751329,Schweiz,CHF,Scoach Switzerland,Equity,-,Swiss Market Index,Technologie,"0,12%",LOGN.SW
181,RENTOKIL INITIAL ORD,GB00B082RF11,Großbritannien (UK),GBP,London Stock Exchange,Equity,Baa2,FTSE 100 Index,Industrieunternehmen,"0,12%",RTO.L
182,SYMRISE ORD,DE000SYM9999,Deutschland,EUR,XETRA,Equity,-,DAX Index,Grundstoffe,"0,12%",SY1.DE
183,MONCLER ORD SHS,IT0004965148,Italien,EUR,Milan Stock Exchange,Equity,-,FTSE Italia All-Share Index,Verbrauchsgüter,"0,12%",MONC.MI
184,NEXT ORD,GB0032089863,Großbritannien (UK),GBP,London Stock Exchange,Equity,Baa2,FTSE 100 Index,Verbrauchsgüter,"0,12%",NXT.L
185,VAT GROUP ORD,CH0311864901,Schweiz,CHF,Scoach Switzerland,Equity,-,Swiss Market Index,Industrieunternehmen,"0,11%",VACN.SW
186,HEIDELBGCEMENT ORD,DE0006047004,Deutschland,EUR,XETRA,Equity,Ba1,DAX Index,Industrieunternehmen,"0,11%",HEI.DE
187,LINDT SPRUENGLI PAR ORD,CH0010570767,Schweiz,CHF,Scoach Switzerland,Equity,-,Swiss Market Index,Basiskonsumgüter,"0,11%",LISP.SW
188,KINGSPAN GROUP ORD,IE0004927939,Irland,EUR,Irish Stock Exchange,Equity,-,ISEQ Irish Overall Index,Industrieunternehmen,"0,11%",KRX.IR
189,SEGRO REIT ORD,GB00B5ZN1N88,Großbritannien (UK),GBP,London Stock Exchange,Equity,-,FTSE 100 Index,Immobilien,"0,11%",SGRO.L
190,CARLSBERG ORD,DK0010181759,Dänemark,DKK,Copenhagen Stock Exchange,Equity,-,OMX COPENHAGEN 20 Index,Basiskonsumgüter,"0,11%",CARL-B.CO
191,HENKEL& KGAA PRF,DE0006048432,Deutschland,EUR,XETRA,Equity,A2,DAX Index,Verbrauchsgüter,"0,11%",HEN3.DE
192,MTU AERO ENGINES ORD,DE000A0D9PT0,Deutschland,EUR,XETRA,Equity,Baa3,DAX Index,Industrieunternehmen,"0,11%",MTX.DE
193,SMITH&NEPHEW,GB0009223206,Großbritannien (UK),GBP,London Stock Exchange,Equity,-,FTSE 100 Index,Gesundheitswesen,"0,11%",SN.L
194,PRYSMIAN ORD,IT0004176001,Italien,EUR,Milan Stock Exchange,Equity,-,FTSE Italia All-Share Index,Industrieunternehmen,"0,11%",PRY.MI
195,PANDORA ORD,DK0060252690,Dänemark,DKK,Copenhagen Stock Exchange,Equity,-,OMX COPENHAGEN 20 Index,Verbrauchsgüter,"0,11%",PNDORA.CO
196,COMMERZBANK AG,DE000CBK1001,Deutschland,EUR,XETRA,Equity,Baa1,DAX Index,Finanzdienstleister,"0,11%",CBK.DE
197,TERNA RETE ELETTRICA NAZIONALE ORD,IT0003242622,Italien,EUR,Milan Stock Exchange,Equity,Baa1,FTSE Italia All-Share Index,Versorgungsunternehmen,"0,11%",TRN.MI
198,RYANAIR HOLDINGS ORD,IE00BYTBXV33,Irland,EUR,Irish Stock Exchange,Equity,-,ISEQ Irish Overall Index,Verbrauchsgüter,"0,11%",RYA.IR
199,BRENNTAG ORD,DE000A1DAHH0,Deutschland,EUR,XETRA,Equity,Baa3,DAX Index,Grundstoffe,"0,11%",BNR.DE
200,UCB ORD,BE0003739530,Belgien,EUR,Euronext Brussels,Equity,-,BEL 20 Index,Gesundheitswesen,"0,11%",UCB.BR
201,FRESENIUS SE ORD,DE0005785604,Deutschland,EUR,XETRA,Equity,Ba1,DAX Index,Gesundheitswesen,"0,10%",FRE.DE
202,BE SEMICONDUCTOR ORD,NL0012866412,Niederlande,EUR,Euronext Amsterdam,Equity,-,Amsterdam Exchanges Index,Technologie,"0,10%",BESI.AS
203,ENERGIAS DE PORTUGAL ORD,PTEDP0AM0009,Portugal,EUR,Euronext Lisbon,Equity,-,-,Versorgungsunternehmen,"0,10%",EDP.LS
204,KPN-KON.NV ORD,NL0000009082,Niederlande,EUR,Euronext Amsterdam,Equity,Baa3,Amsterdam Exchanges Index,Telekommunikation,"0,10%",KPN.AS
205,JULIUS BAER N ORD,CH0102484968,Schweiz,CHF,Scoach Switzerland,Equity,A2,Swiss Market Index,Finanzdienstleister,"0,10%",BAER.SW
206,EPIROC A ORD,SE0015658109,Schweden,SEK,-,Equity,-,OMX Stockholm 30 Index,Industrieunternehmen,"0,10%",EPI-A.ST
207,NN GROUP NV,NL0010773842,Niederlande,EUR,Euronext Amsterdam,Equity,-,Amsterdam Exchanges Index,Finanzdienstleister,"0,10%",NN.AS
208,POWSZECHNA KASA OSZCZEDNOSCI ORD,PLPKO0000016,Polen,PLN,-,Equity,-,WSE WIG 20 Index,Finanzdienstleister,"0,10%",PKO.WA
209,ALFA LAVAL ORD,SE0000695876,Schweden,SEK,Stockholm Stock Exchange,Equity,Baa1,OMX Stockholm 30 Index,Industrieunternehmen,"0,10%",ALFA.ST
210,ORSTED ORD,DK0060094928,Dänemark,DKK,Copenhagen Stock Exchange,Equity,-,OMX COPENHAGEN 20 Index,Versorgungsunternehmen,"0,10%",ORSTED.CO
211,HALMA PLC ORD,GB0004052071,Großbritannien (UK),GBP,London Stock Exchange,Equity,-,FTSE 100 Index,Industrieunternehmen,"0,09%",HLMA.L
212,WPP PLC,JE00B8KF9B49,Großbritannien (UK),GBP,London Stock Exchange,Equity,Baa2,FTSE 100 Index,Verbrauchsgüter,"0,09%",WPP.L
213,SCHINDLER PS PAR,CH0024638196,Schweiz,CHF,Scoach Switzerland,Equity,-,Swiss Market Index,Industrieunternehmen,"0,09%",SCHP.SW
214,EIFFAGE ORD,FR0000130452,Frankreich,EUR,Euronext Paris,Equity,-,CAC 40 Index,Industrieunternehmen,"0,09%",FGR.PA
215,COVESTRO ORD,DE0006062144,Deutschland,EUR,XETRA,Equity,-,DAX Index,Grundstoffe,"0,09%",1COV.DE
216,SNAM,IT0003153415,Italien,EUR,Milan Stock Exchange,Equity,Baa1,FTSE Italia All-Share Index,Energie,"0,09%",SRG.MI
217,BOUYGUES ORD,FR0000120503,Frankreich,EUR,Euronext Paris,Equity,Baa1,CAC 40 Index,Industrieunternehmen,"0,09%",EN.PA
218,ASSOCIATED BRITISH FOODS ORD,GB0006731235,Großbritannien (UK),GBP,London Stock Exchange,Equity,-,FTSE 100 Index,Basiskonsumgüter,"0,09%",ABF.L
219,HEINEKEN HOLDING ORD,NL0000008977,Niederlande,EUR,Euronext Amsterdam,Equity,-,Amsterdam Exchanges Index,Basiskonsumgüter,"0,09%",HEIO.AS
220,BANK OF IRELAND GROUP PLC ORD,IE00BD1RP616,Irland,EUR,-,Equity,-,-,Finanzdienstleister,"0,09%",BIRG.IR
221,QIAGEN ORD,NL0015001WM6,Niederlande,EUR,-,Equity,-,-,Gesundheitswesen,"0,09%",QGEN
222,DR ING HC F PORSCHE AG PREF,DE000PAG9113,Deutschland,EUR,-,Equity,-,DAX Index,Basiskonsumgüter,"0,09%",P911.F
223,CENTRICA ORD,GB00B033F229,Großbritannien (UK),GBP,London Stock Exchange,Equity,A3,FTSE 100 Index,Versorgungsunternehmen,"0,09%",CNA.L
224,MELROSE INDUSTRIES PLC ORD,GB00BNGDN821,Großbritannien (UK),GBP,-,Equity,-,-,Industrieunternehmen,"0,09%",MRO.L
225,TELEPERFORMANCE ORD,FR0000051807,Frankreich,EUR,Euronext Paris,Equity,-,CAC 40 Index,Industrieunternehmen,"0,09%",TEP.PA
226,SODEXO ORD,FR0000121220,Frankreich,EUR,Euronext Paris,Equity,A3,CAC 40 Index,Verbrauchsgüter,"0,09%",SW.PA
227,SPIRAX-SARCO ENGINEERING PLC ORD,GB00BWFGQN14,Großbritannien (UK),GBP,London Stock Exchange,Equity,-,FTSE 100 Index,Industrieunternehmen,"0,08%",SPX.L
228,CARREFOUR ORD,FR0000120172,Frankreich,EUR,Euronext Paris,Equity,Baa2,CAC 40 Index,Verbrauchsgüter,"0,08%",CA.PA
229,NIBE INDUSTRIER ORD,SE0015988019,Schweden,SEK,-,Equity,-,-,Industrieunternehmen,"0,08%",NIBE-B.ST
230,UNITED UTILITIES GROUP ORD,GB00B39J2M42,Großbritannien (UK),GBP,London Stock Exchange,Equity,-,FTSE 100 Index,Versorgungsunternehmen,"0,08%",UU.L
231,INTERTEK GROUP ORD,GB0031638363,Großbritannien (UK),GBP,London Stock Exchange,Equity,-,FTSE 100 Index,Industrieunternehmen,"0,08%",ITRK.L
232,SARTORIUS PRF,DE0007165631,Deutschland,EUR,-,Equity,-,DAX Index,Gesundheitswesen,"0,08%",SRT3.DE
233,POLSKI KONCERN ORD,PLPKN0000018,Polen,PLN,-,Equity,Ba1,WSE WIG 20 Index,Energie,"0,08%",PKN.WA
234,SMURFIT KAPPA ORD,IE00B1RR8406,Irland,EUR,Irish Stock Exchange,Equity,Ba1,ISEQ Irish Overall Index,Industrieunternehmen,"0,08%",SK3.IR
235,EXOR SPA ORD,NL0012059018,Niederlande,EUR,Euronext Amsterdam,Equity,-,Amsterdam Exchanges Index,Finanzdienstleister,"0,08%",EXO.AS
236,BT GROUP ORD,GB0030913577,Großbritannien (UK),GBP,London Stock Exchange,Equity,Baa2,FTSE 100 Index,Telekommunikation,"0,08%",BT-A.L
237,CONTINENTAL ORD,DE0005439004,Deutschland,EUR,XETRA,Equity,Baa3,DAX Index,Basiskonsumgüter,"0,08%",CON.DE
238,FINECOBANK,IT0000072170,Italien,EUR,Milan Stock Exchange,Equity,-,FTSE Italia All-Share Index,Finanzdienstleister,"0,08%",FBK.MI
239,SEVERN TRENT ORD,GB00B1FH8J72,Großbritannien (UK),GBP,London Stock Exchange,Equity,Baa1,FTSE 100 Index,Versorgungsunternehmen,"0,08%",SVT.L
240,ACS ACTIVIDADES DE CONSTRUCCION Y,ES0167050915,Spanien,EUR,Mercado Continuo Espana,Equity,-,IBEX 35 Index,Industrieunternehmen,"0,08%",ACS.MC
241,IMCD,NL0010801007,Niederlande,EUR,Euronext Amsterdam,Equity,-,Amsterdam Exchanges Index,Grundstoffe,"0,08%",IMCD.AS
242,WHITBREAD ORD,GB00B1KJJ408,Großbritannien (UK),GBP,London Stock Exchange,Equity,-,FTSE 100 Index,Verbrauchsgüter,"0,08%",WTB.L
243,PEARSON ORD,GB0006776081,Großbritannien (UK),GBP,London Stock Exchange,Equity,Baa1,FTSE 100 Index,Verbrauchsgüter,"0,08%",PSON.L
244,ADMIRAL GROUP ORD,GB00B02J6398,Großbritannien (UK),GBP,London Stock Exchange,Equity,-,FTSE 100 Index,Finanzdienstleister,"0,08%",ADM.L
245,AEGON ORD,BMG0112X1056,Niederlande,EUR,Euronext Amsterdam,Equity,-,Amsterdam Exchanges Index,Finanzdienstleister,"0,08%",AGN.AS
246,HENNES AND MAURITZ ORD,SE0000106270,Schweden,SEK,Stockholm Stock Exchange,Equity,-,OMX Stockholm 30 Index,Verbrauchsgüter,"0,08%",HM-B.ST
247,ANTOFAGASTA ORD,GB0000456144,Großbritannien (UK),GBP,London Stock Exchange,Equity,-,FTSE 100 Index,Grundstoffe,"0,08%",ANTO.L
248,AUTO TRAD/D,GB00BVYVFW23,Großbritannien (UK),GBP,London Stock Exchange,Equity,-,FTSE 100 Index,Technologie,"0,08%",AUTO.L
249,SIEMENS ENERGY AG ORD,DE000ENER6Y0,Deutschland,EUR,-,Equity,-,DAX Index,Energie,"0,07%",ENR.F
250,DEUTSCHE GLOBAL LIQUIDITY SERI,IE00BZ3FDF20,Irland,EUR,-,Mutual Fund,-,-,unknown,"0,07%",
251,MOELLER MAERSK B ORD,DK0010244508,Dänemark,DKK,Copenhagen Stock Exchange,Equity,Baa1,OMX COPENHAGEN 20 Index,Industrieunternehmen,"0,07%",MAERSK-B.CO
252,BANCO BPM ORD,IT0005218380,Italien,EUR,Milan Stock Exchange,Equity,-,FTSE Italia All-Share Index,Finanzdienstleister,"0,07%",BAMI.MI
253,AKER BP,NO0010345853,Norwegen,NOK,Oslo Stock Exchange,Equity,-,Oslo SE All-share Index,Energie,"0,07%",AKRBP.OL
254,CRODA ORD,GB00BJFFLV09,Großbritannien (UK),GBP,-,Equity,-,-,Grundstoffe,"0,07%",CRDA.L
255,VIVENDI ORD,FR0000127771,Frankreich,EUR,Euronext Paris,Equity,Baa2,CAC 40 Index,Verbrauchsgüter,"0,07%",VIV.PA
256,MOWI ASA ORD,NO0003054108,Norwegen,NOK,Oslo Stock Exchange,Equity,-,Oslo SE All-share Index,Basiskonsumgüter,"0,07%",MOWI.OL
257,NORSK HYDRO ORD,NO0005052605,Norwegen,NOK,Oslo Stock Exchange,Equity,Baa2,Oslo SE All-share Index,Grundstoffe,"0,07%",NHY.OL
258,ACCOR SA ORD,FR0000120404,Frankreich,EUR,Euronext Paris,Equity,Baa3,CAC 40 Index,Verbrauchsgüter,"0,07%",AC.PA
259,EUROFINS SCIENTIFIC ORD,FR0014000MR3,Luxemburg,EUR,-,Equity,-,-,Gesundheitswesen,"0,07%",ERF.PA
260,STORA ENSO R ORD,FI0009005961,Finnland,EUR,Helsinki Stock Exchange,Equity,Ba2,OMX Helsinki Index,Grundstoffe,"0,07%",STERV.HE
261,ENTAIN ORD,IM00B5VQMV65,Großbritannien (UK),GBP,London Stock Exchange,Equity,-,FTSE 100 Index,Verbrauchsgüter,"0,07%",ENT.L
262,SWISS PRIME SITE ORD,CH0008038389,Schweiz,CHF,Scoach Switzerland,Equity,-,Swiss Market Index,Immobilien,"0,07%",SPSN.SW
263,RENAULT PAR,FR0000131906,Frankreich,EUR,Euronext Paris,Equity,Ba1,CAC 40 Index,Basiskonsumgüter,"0,07%",RNO.PA
264,BUREAU VERITAS REGISTRE INTL ORD,FR0006174348,Frankreich,EUR,Euronext Paris,Equity,-,CAC 40 Index,Industrieunternehmen,"0,07%",BVI.PA
265,FRESENIUS MEDICAL CARE ORD,DE0005785802,Deutschland,EUR,XETRA,Equity,Ba1,DAX Index,Gesundheitswesen,"0,07%",FME.DE
266,PORSCHE AUTOMOBIL HOLDING VZ.,DE000PAH0038,Deutschland,EUR,XETRA,Equity,-,DAX Index,Basiskonsumgüter,"0,07%",PAH3.DE
267,SVENSKA CELLULOSA ORD,SE0000112724,Schweden,SEK,Stockholm Stock Exchange,Equity,Baa1,OMX Stockholm 30 Index,Grundstoffe,"0,07%",SCA-B.ST
268,GALP ENERGIA SGPS ORD,PTGAL0AM0009,Portugal,EUR,Euronext Lisbon,Equity,-,-,Energie,"0,07%",GALP.LS
269,AGEAS SA,BE0974264930,Belgien,EUR,Euronext Brussels,Equity,-,BEL 20 Index,Finanzdienstleister,"0,07%",AGS.BR
270,ADECCO ORD,CH0012138605,Schweiz,CHF,Scoach Switzerland,Equity,Baa3,Swiss Market Index,Industrieunternehmen,"0,07%",ADEN.SW
271,TENARIS ORD,LU2598331598,Luxemburg,EUR,-,Equity,-,-,Energie,"0,07%",TEN.MI
272,BCO DE SABADELL ORD,ES0113860A34,Spanien,EUR,Mercado Continuo Espana,Equity,-,IBEX 35 Index,Finanzdienstleister,"0,07%",SAB.MC
273,DCC PLC,IE0002424939,Irland,GBP,London Stock Exchange,Equity,-,FTSE 100 Index,Industrieunternehmen,"0,07%",DCC.L
274,BOLIDEN ORD,SE0020050417,Schweden,SEK,-,Equity,-,OMX Stockholm 30 Index,Grundstoffe,"0,07%",BOL.ST
275,BALOISE N ORD,CH0012410517,Schweiz,CHF,Scoach Switzerland,Equity,-,Swiss Market Index,Finanzdienstleister,"0,07%",BALN.SW
276,UNIBAIL-RODAMCO-WESTFIELD ORD,FR0013326246,Frankreich,EUR,-,Equity,-,-,Immobilien,"0,07%",URW.PA
277,TRYGVESTA ORD,DK0060636678,Dänemark,DKK,Copenhagen Stock Exchange,Equity,-,OMX COPENHAGEN 20 Index,Finanzdienstleister,"0,07%",TRYG.CO
278,MEDIOBANCA ORD,IT0000062957,Italien,EUR,Milan Stock Exchange,Equity,Baa2,FTSE Italia All-Share Index,Finanzdienstleister,"0,07%",MB.MI
279,WARTSILA ORD,FI0009003727,Finnland,EUR,Helsinki Stock Exchange,Equity,-,OMX Helsinki Index,Industrieunternehmen,"0,07%",WRT1V.HE
280,SMITHS GROUP ORD,GB00B1WY2338,Großbritannien (UK),GBP,London Stock Exchange,Equity,Baa2,FTSE 100 Index,Industrieunternehmen,"0,06%",SMIN.L
281,EURONEXT,NL0006294274,Niederlande,EUR,Euronext Paris,Equity,-,CAC 40 Index,Finanzdienstleister,"0,06%",ENX.PA
282,MONDIPLCPRE ORD,GB00BMWC6P49,Großbritannien (UK),GBP,-,Equity,-,-,Industrieunternehmen,"0,06%",MNDI.L
283,LEONARDO SPA ORD,IT0003856405,Italien,EUR,Milan Stock Exchange,Equity,Ba1,FTSE Italia All-Share Index,Industrieunternehmen,"0,06%",LDO.MI
284,TELENOR ORD,NO0010063308,Norwegen,NOK,Oslo Stock Exchange,Equity,A3,Oslo SE All-share Index,Telekommunikation,"0,06%",TEL.OL
285,RANDSTAD ORD,NL0000379121,Niederlande,EUR,Euronext Amsterdam,Equity,-,Amsterdam Exchanges Index,Industrieunternehmen,"0,06%",RAND.AS
286,TRELLEBORG ORD,SE0000114837,Schweden,SEK,Stockholm Stock Exchange,Equity,-,OMX Stockholm 30 Index,Industrieunternehmen,"0,06%",TREL-B.ST
287,ASR NEDERLAND NV,NL0011872643,Niederlande,EUR,Euronext Amsterdam,Equity,-,Amsterdam Exchanges Index,Finanzdienstleister,"0,06%",ASRNL.AS
288,SWATCH GROUP ORD,CH0012255151,Schweiz,CHF,Scoach Switzerland,Equity,-,Swiss Market Index,Verbrauchsgüter,"0,06%",UHR.SW
289,ELISA ORD,FI0009007884,Finnland,EUR,Helsinki Stock Exchange,Equity,Baa2,OMX Helsinki Index,Telekommunikation,"0,06%",ELISA.HE
290,PZU ORD,PLPZU0000011,Polen,PLN,-,Equity,-,WSE WIG 20 Index,Finanzdienstleister,"0,06%",PZU.WA
291,AIB GROUP ORD,IE00BF0L3536,Irland,EUR,-,Equity,-,-,Finanzdienstleister,"0,06%",A5G.IR
292,SKF ORD,SE0000108227,Schweden,SEK,Stockholm Stock Exchange,Equity,Baa1,OMX Stockholm 30 Index,Grundstoffe,"0,06%",SKF-B.ST
293,PEKAO ORD,PLPEKAO00016,Polen,PLN,-,Equity,-,FTSE MIB Index,Finanzdienstleister,"0,06%",PEO.WA
294,RED ELECTRICA CORPORACION ORD,ES0173093024,Spanien,EUR,Mercado Continuo Espana,Equity,-,IBEX 35 Index,Versorgungsunternehmen,"0,06%",RED.MC
295,INTERMEDIATE CAPITAL ORD,GB00BYT1DJ19,Großbritannien (UK),GBP,London Stock Exchange,Equity,-,FTSE 100 Index,Finanzdienstleister,"0,06%",ICP.L
296,M&G PLC ORD,GB00BKFB1C65,Großbritannien (UK),GBP,-,Equity,-,-,Finanzdienstleister,"0,06%",MNG.L
297,BARRATT DEVLPMNT,GB0000811801,Großbritannien (UK),GBP,London Stock Exchange,Equity,-,FTSE 100 Index,Verbrauchsgüter,"0,06%",BDEV.L
298,TEMENOS AG ORD,CH0012453913,Schweiz,CHF,Scoach Switzerland,Equity,-,Swiss Market Index,Technologie,"0,06%",TEMN.SW
299,TAYLOR WIMPEY PLC,GB0008782301,Großbritannien (UK),GBP,London Stock Exchange,Equity,Ba2,FTSE 100 Index,Verbrauchsgüter,"0,06%",TW.L
300,STEDIM ORD,FR0013154002,Frankreich,EUR,Euronext Paris,Equity,-,CAC 40 Index,Gesundheitswesen,"0,06%",DIM.PA
301,INDUTRADE ORD,SE0001515552,Schweden,SEK,Stockholm Stock Exchange,Equity,-,OMX Stockholm 30 Index,Industrieunternehmen,"0,06%",INDT.ST
302,SIG GROUP LTD ORD,CH0435377954,Schweiz,CHF,Scoach Switzerland,Equity,-,Swiss Market Index,Industrieunternehmen,"0,06%",SIGN.SW
303,ARKEMA ORD,FR0010313833,Frankreich,EUR,Euronext Paris,Equity,Baa2,CAC 40 Index,Grundstoffe,"0,06%",AKE.PA
304,SKANSKA ORD,SE0000113250,Schweden,SEK,Stockholm Stock Exchange,Equity,-,OMX Stockholm 30 Index,Industrieunternehmen,"0,06%",SKA-B.ST
305,METSO CORP ORD,FI0009014575,Finnland,EUR,Helsinki Stock Exchange,Equity,-,OMX Helsinki Index,Industrieunternehmen,"0,06%",METSO.HE
306,SWEDISH ORPHAN BIOVITRUM ORD,SE0000872095,Schweden,SEK,Stockholm Stock Exchange,Equity,-,OMX Stockholm 30 Index,Gesundheitswesen,"0,06%",SOBI.ST
307,SYENSQO ORD SHS,BE0974464977,Belgien,EUR,-,Equity,-,-,Grundstoffe,"0,06%",SYENS.BR
308,LAND SECURITIES REIT,GB00BYW0PQ60,Großbritannien (UK),GBP,-,Equity,-,-,Immobilien,"0,06%",LAND.L
309,GROUPE BRUXELLES LAMBERT ORD,BE0003797140,Belgien,EUR,Euronext Brussels,Equity,-,BEL 20 Index,Finanzdienstleister,"0,06%",GBLB.BR
310,BERKELEY GRP UTS,GB00BLJNXL82,Großbritannien (UK),GBP,-,Equity,-,-,Verbrauchsgüter,"0,06%",BKG.L
311,OMV ORD,AT0000743059,Österreich,EUR,Vienna Stock Exchange,Equity,A3,Austrian Traded Index,Energie,"0,06%",OMV.VI
312,ABN AMRO BANK ORD,NL0011540547,Niederlande,EUR,Euronext Amsterdam,Equity,-,Amsterdam Exchanges Index,Finanzdienstleister,"0,06%",ABN.AS
313,GEA GROUP ORD,DE0006602006,Deutschland,EUR,XETRA,Equity,Baa3,DAX Index,Industrieunternehmen,"0,06%",G1A.DE
314,JERONIMO MARTINS SGPS ORD,PTJMT0AE0001,Portugal,EUR,Euronext Lisbon,Equity,-,-,Verbrauchsgüter,"0,06%",JMT.LS
315,ENDESA SA,ES0130670112,Spanien,EUR,Mercado Continuo Espana,Equity,Baa2,IBEX 35 Index,Versorgungsunternehmen,"0,06%",ELE.MC
316,LEG IMMOBILIEN AGD,DE000LEG1110,Deutschland,EUR,XETRA,Equity,-,DAX Index,Immobilien,"0,06%",LEG.DE
317,MARKS AND SPENCER GROUP ORD,GB0031274896,Großbritannien (UK),GBP,London Stock Exchange,Equity,Baa3,FTSE 100 Index,Verbrauchsgüter,"0,06%",MKS.L
318,B&M EUROPEAN VALUE RETAIL,LU1072616219,Luxemburg,GBP,London Stock Exchange,Equity,-,FTSE 100 Index,Verbrauchsgüter,"0,06%",BME.L
319,WISE PLC,GB00BL9YR756,Großbritannien (UK),GBP,-,Equity,-,-,Industrieunternehmen,"0,06%",WISE.L
320,COCA-COLA HBC AG,CH0198251305,Schweiz,GBP,London Stock Exchange,Equity,Baa1,FTSE 100 Index,Basiskonsumgüter,"0,06%",CCH.L
321,SAINSBURYJ ORD,GB00B019KW72,Großbritannien (UK),GBP,London Stock Exchange,Equity,-,FTSE 100 Index,Verbrauchsgüter,"0,06%",SBRY.L
322,PSP SWISS PROPERTY ORD,CH0018294154,Schweiz,CHF,Scoach Switzerland,Equity,-,Swiss Market Index,Immobilien,"0,05%",PSPN.SW
323,BURBERRY GROUP ORD,GB0031743007,Großbritannien (UK),GBP,London Stock Exchange,Equity,-,FTSE 100 Index,Verbrauchsgüter,"0,05%",BRBY.L
324,TELIA CO AB ORD,SE0000667925,Schweden,SEK,Stockholm Stock Exchange,Equity,A3,OMX Stockholm 30 Index,Telekommunikation,"0,05%",TELIA.ST
325,WEIR GROUP ORD,GB0009465807,Großbritannien (UK),GBP,London Stock Exchange,Equity,Baa1,FTSE 100 Index,Industrieunternehmen,"0,05%",WEIR.L
326,FORTUM ORD,FI0009007132,Finnland,EUR,Helsinki Stock Exchange,Equity,A2,OMX Helsinki Index,Versorgungsunternehmen,"0,05%",FORTUM.HE
327,ORKLA ORD,NO0003733800,Norwegen,NOK,Oslo Stock Exchange,Equity,-,Oslo SE All-share Index,Basiskonsumgüter,"0,05%",ORK.OL
328,PERSIMMON ORD,GB0006825383,Großbritannien (UK),GBP,London Stock Exchange,Equity,-,FTSE 100 Index,Verbrauchsgüter,"0,05%",PSN.L
329,REXEL ORD,FR0010451203,Frankreich,EUR,Euronext Paris,Equity,Ba3,CAC 40 Index,Industrieunternehmen,"0,05%",RXL.PA
330,RIGHTMOVE ORD ORD,GB00BGDT3G23,Großbritannien (UK),GBP,-,Equity,-,-,Immobilien,"0,05%",RMV.L
331,IMI PLC,GB00BGLP8L22,Großbritannien (UK),GBP,London Stock Exchange,Equity,-,FTSE 100 Index,Industrieunternehmen,"0,05%",IMI.L
332,HOWDEN JOINERY GROUP ORD,GB0005576813,Großbritannien (UK),GBP,London Stock Exchange,Equity,-,FTSE 100 Index,Verbrauchsgüter,"0,05%",HWDN.L
333,DIPLOMA ORD,GB0001826634,Großbritannien (UK),GBP,London Stock Exchange,Equity,-,FTSE 100 Index,Industrieunternehmen,"0,05%",DPLM.L
334,CASTELLUM ORD,SE0000379190,Schweden,SEK,Stockholm Stock Exchange,Equity,-,OMX Stockholm 30 Index,Immobilien,"0,05%",CAST.ST
335,RECORDATI ORD,IT0003828271,Italien,EUR,Milan Stock Exchange,Equity,-,FTSE Italia All-Share Index,Gesundheitswesen,"0,05%",REC.MI
336,SCOUT24 N ORD SHS,DE000A12DM80,Deutschland,EUR,XETRA,Equity,-,DAX Index,Technologie,"0,05%",G24.F
337,LIFCO ORD SHS,SE0015949201,Schweden,SEK,-,Equity,-,OMX Stockholm 30 Index,Industrieunternehmen,"0,05%",LIFCO-B.ST
338,GEORG FISCHER ORD,CH1169151003,Schweiz,CHF,-,Equity,-,Swiss Market Index,Industrieunternehmen,"0,05%",GF.SW
339,ADDTECH ORD,SE0014781795,Schweden,SEK,-,Equity,-,OMX Stockholm 30 Index,Industrieunternehmen,"0,05%",ADDT-B.ST
340,PHOENIX GROUP HOLDINGS ORD,GB00BGXQNP29,Großbritannien (UK),GBP,-,Equity,-,-,Finanzdienstleister,"0,05%",PHNX.L
341,DAVIDE CAMPARI ORD,NL0015435975,Italien,EUR,-,Equity,-,-,Basiskonsumgüter,"0,05%",CPR.MI
342,YARA INTERNATIONAL,NO0010208051,Brasilien,NOK,Oslo Stock Exchange,Equity,Baa2,Oslo SE All-share Index,Grundstoffe,"0,05%",YAR.OL
343,BEIJER REF AB,SE0015949748,Schweden,SEK,-,Equity,-,OMX Stockholm 30 Index,Industrieunternehmen,"0,05%",BEIJ-B.ST
344,GETLINK ORD,FR0010533075,Frankreich,EUR,Euronext Paris,Equity,-,CAC 40 Index,Industrieunternehmen,"0,05%",GET.PA
345,VERBUND ORD,AT0000746409,Österreich,EUR,Vienna Stock Exchange,Equity,Baa1,Austrian Traded Index,Versorgungsunternehmen,"0,05%",VER.VI
346,SAGAX B ORD SHS,SE0005127818,Schweden,SEK,-,Equity,-,OMX Stockholm 30 Index,Immobilien,"0,05%",EFE.F
347,BARRY CALLEBAUT ORD,CH0009002962,Schweiz,CHF,Scoach Switzerland,Equity,-,Swiss Market Index,Basiskonsumgüter,"0,05%",BARN.SW
348,KLEPIERRE REIT,FR0000121964,Frankreich,EUR,Euronext Paris,Equity,A3,CAC 40 Index,Immobilien,"0,05%",LI.PA
349,KESKO ORD,FI0009000202,Finnland,EUR,Helsinki Stock Exchange,Equity,-,OMX Helsinki Index,Verbrauchsgüter,"0,05%",
350,NEMETSCHEK SE ORD,DE0006452907,Deutschland,EUR,XETRA,Equity,-,DAX Index,Technologie,"0,05%",NEM.DE
351,KINGFISHER ORD,GB0033195214,Großbritannien (UK),GBP,London Stock Exchange,Equity,Baa2,FTSE 100 Index,Verbrauchsgüter,"0,05%",KGF.L
352,SAAB ORD,SE0000112385,Schweden,SEK,Stockholm Stock Exchange,Equity,-,OMX Stockholm 30 Index,Industrieunternehmen,"0,05%",SAAB-B.ST
353,BOLLORE ORD,FR0000039299,Frankreich,EUR,Euronext Paris,Equity,-,CAC 40 Index,Industrieunternehmen,"0,05%",BOL.PA
354,BIOMERIEUX ORD,FR0013280286,Frankreich,EUR,-,Equity,-,-,Gesundheitswesen,"0,05%",BIM.PA
355,GECINA REIT,FR0010040865,Frankreich,EUR,Euronext Paris,Equity,Baa2,CAC 40 Index,Immobilien,"0,05%",GFC.PA
356,DINO POLSKA ORD SHS,PLDINPL00011,Polen,PLN,-,Equity,-,-,Verbrauchsgüter,"0,05%",DNP.WA
357,EMS-CHEMIE N,CH0016440353,Schweiz,CHF,Scoach Switzerland,Equity,-,Swiss Market Index,Grundstoffe,"0,05%",EMSN.SW
358,HELVETIA HOLDING ORD,CH0466642201,Schweiz,CHF,Scoach Switzerland,Equity,-,Swiss Market Index,Finanzdienstleister,"0,05%",HELN.SW
359,LUFTHANSA ORD,DE0008232125,Deutschland,EUR,XETRA,Equity,Ba1,DAX Index,Verbrauchsgüter,"0,05%",LHA.DE
360,POSTE ITALIANE,IT0003796171,Italien,EUR,Milan Stock Exchange,Equity,-,FTSE Italia All-Share Index,Finanzdienstleister,"0,05%",PST.MI
361,INDUSTRIVARDEN SERIES ORD,SE0000107203,Schweden,SEK,Stockholm Stock Exchange,Equity,A3,OMX Stockholm 30 Index,Finanzdienstleister,"0,05%",INDU-C.ST
362,ORION ORD,FI0009014377,Finnland,EUR,Helsinki Stock Exchange,Equity,-,OMX Helsinki Index,Gesundheitswesen,"0,05%",ORNBV.HE
363,CONVATEC GROUP ORD SHS,GB00BD3VFW73,Großbritannien (UK),GBP,London Stock Exchange,Equity,-,FTSE 100 Index,Gesundheitswesen,"0,05%",CTEC.L
364,SCHRODERS ORD,GB00BP9LHF23,Großbritannien (UK),GBP,-,Equity,-,-,Finanzdienstleister,"0,04%",SDR.L
365,GTT PROMESSES ORD,FR0011726835,Frankreich,EUR,Euronext Paris,Equity,-,CAC 40 Index,Energie,"0,04%",GTT.PA
366,SPECTRIS ORD,GB0003308607,Großbritannien (UK),GBP,London Stock Exchange,Equity,-,FTSE 100 Index,Industrieunternehmen,"0,04%",SXS.L
367,SECURITAS ORD,SE0000163594,Schweden,SEK,Stockholm Stock Exchange,Equity,Baa2,OMX Stockholm 30 Index,Industrieunternehmen,"0,04%",SECU-B.ST
368,SMITH DS ORD,GB0008220112,Großbritannien (UK),GBP,London Stock Exchange,Equity,-,FTSE 100 Index,Industrieunternehmen,"0,04%",SMDS.L
369,TECAN HLD N ORD,CH0012100191,Schweiz,CHF,Scoach Switzerland,Equity,-,Swiss Market Index,Gesundheitswesen,"0,04%",TECN.SW
370,SPIE PROMESSES ORD SHS,FR0012757854,Frankreich,EUR,Euronext Paris,Equity,-,CAC 40 Index,Industrieunternehmen,"0,04%",SPIE.PA
371,SSAB ORD,SE0000120669,Schweden,SEK,Stockholm Stock Exchange,Equity,Ba2,OMX Stockholm 30 Index,Grundstoffe,"0,04%",SSAB-B.ST
372,SCOR SE ORD,FR0010411983,Frankreich,EUR,Euronext Paris,Equity,A1,CAC 40 Index,Finanzdienstleister,"0,04%",SCR.PA
373,EDP RENOVAVEIS SA ORD,ES0127797019,Spanien,EUR,Euronext Lisbon,Equity,B1,PSI 20 Index,Versorgungsunternehmen,"0,04%",EDPR.LS
374,ZALANDO ORD SHS,DE000ZAL1111,Deutschland,EUR,XETRA,Equity,-,DAX Index,Verbrauchsgüter,"0,04%",ZAL.DE
375,ELECTROCOMPONENTS ORD,GB0003096442,Großbritannien (UK),GBP,London Stock Exchange,Equity,-,FTSE 100 Index,Industrieunternehmen,"0,04%",RS1.L
376,HISCOX ORD,BMG4593F1389,Bermudas,GBP,London Stock Exchange,Equity,-,FTSE 100 Index,Finanzdienstleister,"0,04%",HSX.L
377,WDP-SICAFI REIT,BE0974349814,Belgien,EUR,Euronext Brussels,Equity,-,BEL 20 Index,Immobilien,"0,04%",WDP.BR
378,GETINGE ORD,SE0000202624,Schweden,SEK,Stockholm Stock Exchange,Equity,-,OMX Stockholm 30 Index,Gesundheitswesen,"0,04%",GETI-B.ST
379,TELE2 CLASS B,SE0005190238,Schweden,SEK,Stockholm Stock Exchange,Equity,-,OMX Stockholm 30 Index,Telekommunikation,"0,04%",TEL2-B.ST
380,BEAZLEY PLC,GB00BYQ0JC66,Großbritannien (UK),GBP,London Stock Exchange,Equity,-,FTSE 100 Index,Finanzdienstleister,"0,04%",BEZ.L
381,DELIVERY HERO AG ORD,DE000A2E4K43,Deutschland,EUR,XETRA,Equity,-,DAX Index,Verbrauchsgüter,"0,04%",DHER.DE
382,ALTEN ORD,FR0000071946,Frankreich,EUR,Euronext Paris,Equity,-,CAC 40 Index,Technologie,"0,04%",ATE.PA
383,BELIMO ORD,CH1101098163,Schweiz,CHF,-,Equity,-,-,Industrieunternehmen,"0,04%",BEAN.SW
384,ST.JAMES'S PLACE ORD,GB0007669376,Großbritannien (UK),GBP,London Stock Exchange,Equity,-,FTSE 100 Index,Finanzdienstleister,"0,04%",STJ.L
385,NATURGY ENERGY GROUP SA ORD,ES0116870314,Spanien,EUR,Mercado Continuo Espana,Equity,Baa2,IBEX 35 Index,Versorgungsunternehmen,"0,04%",NTGY.MC
386,INTL CONSOLIDATED AIRLINES GRP ORD,ES0177542018,Großbritannien (UK),GBP,London Stock Exchange,Equity,Ba2,FTSE 100 Index,Verbrauchsgüter,"0,04%",IAG.L
387,KONGSBERG GRUPPEN ORD,NO0003043309,Norwegen,NOK,Oslo Stock Exchange,Equity,-,Oslo SE All-share Index,Industrieunternehmen,"0,04%",KOG.OL
388,LA FRANCAISE DES JEUX SA ORD,FR0013451333,Frankreich,EUR,-,Equity,-,-,Verbrauchsgüter,"0,04%",FDJ.PA
389,RINGKJOEBING LAN ORD,DK0060854669,Dänemark,DKK,Copenhagen Stock Exchange,Equity,-,-,Finanzdienstleister,"0,04%",RILBA.CO
390,UMICORE ORD,BE0974320526,Belgien,EUR,Euronext Brussels,Equity,-,BEL 20 Index,Grundstoffe,"0,04%",UMI.BR
391,FASTIGHETSBALDER ORD,SE0017832488,Schweden,SEK,-,Equity,-,OMX Stockholm 30 Index,Immobilien,"0,04%",BALD-B.ST
392,GALENICA ORD,CH0360674466,Schweiz,CHF,Scoach Switzerland,Equity,-,Swiss Market Index,Verbrauchsgüter,"0,04%",GALE.SW
393,NEXI ORD,IT0005366767,Italien,EUR,-,Equity,-,-,Industrieunternehmen,"0,04%",NEXI.MI
394,VALMET CORP,FI4000074984,Finnland,EUR,Helsinki Stock Exchange,Equity,-,OMX Helsinki Index,Industrieunternehmen,"0,04%",VALMT.HE
395,BAWAG GROUP AG ORD,AT0000BAWAG2,Österreich,EUR,Vienna Stock Exchange,Equity,-,Austrian Traded Index,Finanzdienstleister,"0,04%",BG.VI
396,BECHTLE ORD,DE0005158703,Deutschland,EUR,XETRA,Equity,-,DAX Index,Technologie,"0,04%",BC8.DE
397,OCADO ORD,GB00B3MBS747,Großbritannien (UK),GBP,London Stock Exchange,Equity,-,FTSE 100 Index,Verbrauchsgüter,"0,04%",OCDO.L
398,ANDRITZ ORD,AT0000730007,Österreich,EUR,Vienna Stock Exchange,Equity,-,Austrian Traded Index,Industrieunternehmen,"0,04%",ANDR.VI
399,UNI STOREBRAND ORD,NO0003053605,Norwegen,NOK,Oslo Stock Exchange,Equity,Baa3,Oslo SE All-share Index,Finanzdienstleister,"0,04%",STB.OL
400,D'IETEREN ORD,BE0974259880,Belgien,EUR,Euronext Brussels,Equity,-,BEL 20 Index,Basiskonsumgüter,"0,04%",DIE.BR
401,AMUNDI ORD,FR0004125920,Frankreich,EUR,Euronext Paris,Equity,-,CAC 40 Index,Finanzdienstleister,"0,04%",AMUN.PA
402,ALLEGRO.EU SA ORD,LU2237380790,Luxemburg,PLN,-,Equity,-,-,Verbrauchsgüter,"0,04%",ALE.WA
403,PUMA SE ORD,DE0006969603,Deutschland,EUR,XETRA,Equity,-,DAX Index,Verbrauchsgüter,"0,04%",PUM.F
404,AMPLIFON SPA ORD,IT0004056880,Italien,EUR,Milan Stock Exchange,Equity,-,FTSE Italia All-Share Index,Gesundheitswesen,"0,04%",AMP.MI
405,BELLWAY ORD,GB0000904986,Großbritannien (UK),GBP,London Stock Exchange,Equity,-,FTSE 100 Index,Verbrauchsgüter,"0,04%",BWY.L
406,INFRASTRUTTURE WIRELESS ITALIANE ORD SHS,IT0005090300,Italien,EUR,Milan Stock Exchange,Equity,-,FTSE Italia All-Share Index,Telekommunikation,"0,04%",INW.MI
407,AIXTRON ORD,DE000A0WMPJ6,Deutschland,EUR,XETRA,Equity,-,DAX Index,Technologie,"0,04%",AIXA.DE
408,LPP ORD,PLLPP0000011,Polen,PLN,-,Equity,-,-,Verbrauchsgüter,"0,04%",LPP.WA
409,TALANX ORD SHS,DE000TLX1005,Deutschland,EUR,XETRA,Equity,A3,DAX Index,Finanzdienstleister,"0,04%",TLX.DE
410,BRITISH LAND REIT,GB0001367019,Großbritannien (UK),GBP,London Stock Exchange,Equity,-,FTSE 100 Index,Immobilien,"0,04%",BLND.L
411,UNITE GROUP REIT,GB0006928617,Großbritannien (UK),GBP,London Stock Exchange,Equity,B1,FTSE 100 Index,Immobilien,"0,04%",UTG.L
412,GAMES WORKSHOP GROUP ORD,GB0003718474,Großbritannien (UK),GBP,London Stock Exchange,Equity,B1,FTSE 100 Index,Verbrauchsgüter,"0,04%",GAW.L
413,ARCADIS ORD,NL0006237562,Niederlande,EUR,Euronext Amsterdam,Equity,-,Amsterdam Exchanges Index,Industrieunternehmen,"0,04%",ARCAD.AS
414,IPSEN PROMESSES ORD,FR0010259150,Frankreich,EUR,Euronext Paris,Equity,-,CAC 40 Index,Gesundheitswesen,"0,04%",IPN.PA
415,TRITAX BIG BOX REIT,GB00BG49KP99,Großbritannien (UK),GBP,London Stock Exchange,Equity,-,FTSE 100 Index,Immobilien,"0,04%",BBOX.L
416,AVOLTA AG,CH0023405456,Schweiz,CHF,Scoach Switzerland,Equity,-,Swiss Market Index,Verbrauchsgüter,"0,04%",AVOL.SW
417,INTERPUMP ORD,IT0001078911,Italien,EUR,Milan Stock Exchange,Equity,-,FTSE Italia All-Share Index,Industrieunternehmen,"0,04%",IP.MI
418,SANTANDER BANK POLSKA SA ORD,PLBZ00000044,Polen,PLN,-,Equity,-,-,Finanzdienstleister,"0,04%",SPL.WA
419,EURAZEO ORD,FR0000121121,Frankreich,EUR,Euronext Paris,Equity,-,CAC 40 Index,Finanzdienstleister,"0,04%",RF.PA
420,KNORR BREMSE ORD,DE000KBX1006,Deutschland,EUR,XETRA,Equity,-,DAX Index,Industrieunternehmen,"0,04%",KBX.F
421,AAK AB,SE0011337708,Schweden,SEK,-,Equity,-,OMX Stockholm 30 Index,Basiskonsumgüter,"0,04%",AAK.ST
422,SALMAR ORD,NO0010310956,Norwegen,NOK,Oslo Stock Exchange,Equity,-,Oslo SE All-share Index,Basiskonsumgüter,"0,04%",SALM.OL
423,VISTRY GROUP PLC ORD,GB0001859296,Großbritannien (UK),GBP,London Stock Exchange,Equity,-,FTSE 100 Index,Verbrauchsgüter,"0,04%",VTY.L
424,ELIA SYSTEM OPERATOR ORD,BE0003822393,Belgien,EUR,Euronext Brussels,Equity,A3,BEL 20 Index,Versorgungsunternehmen,"0,04%",ELI.BR
425,ABRDN PLC ORD,GB00BF8Q6K64,Großbritannien (UK),GBP,-,Equity,-,-,Finanzdienstleister,"0,04%",ABDN.L
426,AALBERTS ORD,NL0000852564,Niederlande,EUR,Euronext Amsterdam,Equity,-,Amsterdam Exchanges Index,Industrieunternehmen,"0,04%",AALB.AS
427,CTS EVENTIM AG & CO KGAA,DE0005470306,Deutschland,EUR,XETRA,Equity,-,DAX Index,Verbrauchsgüter,"0,04%",EVD.F
428,SIGNIFY NV ORD,NL0011821392,Niederlande,EUR,Euronext Amsterdam,Equity,-,Amsterdam Exchanges Index,Industrieunternehmen,"0,04%",LIGHT.AS
429,DEMANT ORD,DK0060738599,Dänemark,DKK,Copenhagen Stock Exchange,Equity,-,OMX COPENHAGEN 20 Index,Gesundheitswesen,"0,04%",DEMANT.CO
430,BANKINTER SA ORD,ES0113679I37,Spanien,EUR,Mercado Continuo Espana,Equity,Baa3,IBEX 35 Index,Finanzdienstleister,"0,04%",BKT.MC
431,ELIS ORD SHS,FR0012435121,Frankreich,EUR,Euronext Paris,Equity,-,CAC 40 Index,Industrieunternehmen,"0,04%",ELIS.PA
432,HIKMA PHARMACEUTICALS ORD,GB00B0LCW083,Großbritannien (UK),GBP,London Stock Exchange,Equity,-,FTSE 100 Index,Gesundheitswesen,"0,04%",HIK.L
433,RATIONAL ORD,DE0007010803,Deutschland,EUR,XETRA,Equity,-,DAX Index,Industrieunternehmen,"0,04%",RAA.DE
434,FLUGHAFEN ZUERICH AG KLOTEN COMMON SHARES ORD,CH0319416936,Schweiz,CHF,Scoach Switzerland,Equity,-,Swiss Market Index,Industrieunternehmen,"0,04%",FHZN.SW
435,CARL ZEISS MEDITEC ORD,DE0005313704,Deutschland,EUR,XETRA,Equity,-,DAX Index,Gesundheitswesen,"0,03%",AFX.DE
436,HUHTAMAKI SR I ORD,FI0009000459,Finnland,EUR,Helsinki Stock Exchange,Equity,-,OMX Helsinki Index,Industrieunternehmen,"0,03%",HUH1V.HE
437,LUNDBERGS B ORD,SE0000108847,Schweden,SEK,Stockholm Stock Exchange,Equity,A1,OMX Stockholm 30 Index,Finanzdienstleister,"0,03%",LUND-B.ST
438,SOPRA STERIA GROUP,FR0000050809,Frankreich,EUR,Euronext Paris,Equity,-,CAC 40 Index,Technologie,"0,03%",SOP.PA
439,SOITEC SA ORD,FR0013227113,Frankreich,EUR,Euronext Paris,Equity,-,CAC 40 Index,Technologie,"0,03%",SOI.PA
440,ENAGAS ORD,ES0130960018,Spanien,EUR,Mercado Continuo Espana,Equity,Baa2,IBEX 35 Index,Versorgungsunternehmen,"0,03%",ENG.MC
441,JOHNSON MATTHEY ORD,GB00BZ4BQC70,Großbritannien (UK),GBP,London Stock Exchange,Equity,-,FTSE 100 Index,Grundstoffe,"0,03%",JMAT.L
442,KGHM POLSKA MIEDZ ORD,PLKGHM000017,Polen,PLN,-,Equity,B1,WSE WIG 20 Index,Grundstoffe,"0,03%",KGH.WA
443,DASSAULT AVIATI ORD,FR0014004L86,Frankreich,EUR,-,Equity,-,-,Industrieunternehmen,"0,03%",AM.PA
444,SIEGFRIED N ORD,CH0014284498,Schweiz,CHF,Scoach Switzerland,Equity,-,Swiss Market Index,Gesundheitswesen,"0,03%",SFZN.SW
445,EVONIK INDUSTRIES AG,DE000EVNK013,Deutschland,EUR,XETRA,Equity,Baa2,DAX Index,Grundstoffe,"0,03%",EVK.DE
446,HUGO BOSS ORD,DE000A1PHFF7,Deutschland,EUR,XETRA,Equity,-,DAX Index,Verbrauchsgüter,"0,03%",BOSS.DE
447,NKT ORD,DK0010287663,Dänemark,DKK,Copenhagen Stock Exchange,Equity,-,OMX COPENHAGEN 20 Index,Industrieunternehmen,"0,03%",NKT.CO
448,ACKERMANS V.HAAR ORD,BE0003764785,Belgien,EUR,Euronext Brussels,Equity,-,BEL 20 Index,Industrieunternehmen,"0,03%",ACKB.BR
449,SOFINA ORD,BE0003717312,Belgien,EUR,Euronext Brussels,Equity,-,BEL 20 Index,Finanzdienstleister,"0,03%",SOF.BR
450,LATOUR INVESTMENT SRS B ORD,SE0010100958,Schweden,SEK,-,Equity,-,OMX Stockholm 30 Index,Industrieunternehmen,"0,03%",LATO-B.ST
451,OCI,NL0010558797,Niederlande,EUR,Euronext Amsterdam,Equity,-,Amsterdam Exchanges Index,Grundstoffe,"0,03%",OCI.AS
452,JD SPORTS FASHN ORD,GB00BM8Q5M07,Großbritannien (UK),GBP,-,Equity,-,-,Verbrauchsgüter,"0,03%",JD.L
453,WIENERBERGER ORD,AT0000831706,Österreich,EUR,Vienna Stock Exchange,Equity,Ba2,Austrian Traded Index,Industrieunternehmen,"0,03%",WIE.VI
454,ALSTOM SA ORD,FR0010220475,Frankreich,EUR,Euronext Paris,Equity,Baa3,CAC 40 Index,Industrieunternehmen,"0,03%",ALO.PA
455,INVESTEC PLC ORD,GB00B17BBQ50,Großbritannien (UK),GBP,London Stock Exchange,Equity,Ba1,FTSE 100 Index,Finanzdienstleister,"0,03%",INVP.L
456,SEB ORD,FR0000121709,Frankreich,EUR,Euronext Paris,Equity,-,CAC 40 Index,Verbrauchsgüter,"0,03%",SK.PA
457,INTRACOM CONST TECHN AND STEEL ORD,GB00B61TVQ02,Großbritannien (UK),GBP,London Stock Exchange,Equity,-,FTSE 100 Index,Industrieunternehmen,"0,03%",INCH.L
458,BCV N ORD,CH0531751755,Schweiz,CHF,-,Equity,-,Swiss Market Index,Finanzdienstleister,"0,03%",BCVN.SW
459,ADEVINTA ASA ORD,NO0010844038,Norwegen,NOK,Oslo Stock Exchange,Equity,-,Oslo SE All-share Index,Verbrauchsgüter,"0,03%",ADE.OL
460,JYSKE BANK ORD,DK0010307958,Dänemark,DKK,Copenhagen Stock Exchange,Equity,-,OMX COPENHAGEN 20 Index,Finanzdienstleister,"0,03%",JYSK.CO
461,MAN GROUP ORD,JE00BJ1DLW90,Großbritannien (UK),GBP,-,Equity,-,-,Finanzdienstleister,"0,03%",EMG.L
462,CHRISTIAN DIOR SE,FR0000130403,Frankreich,EUR,Euronext Paris,Equity,-,CAC 40 Index,Verbrauchsgüter,"0,03%",CDI.PA
463,BPER BANCA ORD,IT0000066123,Italien,EUR,Milan Stock Exchange,Equity,Ba2,FTSE Italia All-Share Index,Finanzdienstleister,"0,03%",BPE.MI
464,GREGGS PLC,GB00B63QSB39,Großbritannien (UK),GBP,London Stock Exchange,Equity,-,FTSE 100 Index,Verbrauchsgüter,"0,03%",GRG.L
465,INPOST ORD SHS WHEN ISSUED,LU2290522684,Luxemburg,EUR,Euronext Amsterdam,Equity,-,Amsterdam Exchanges Index,Industrieunternehmen,"0,03%",INPST.AS
466,LOTUS BAKERIES ORD,BE0003604155,Belgien,EUR,Euronext Brussels,Equity,-,BEL 20 Index,Basiskonsumgüter,"0,03%",LOTB.BR
467,IG GROUP HOLDINGS PLC,GB00B06QFB75,Großbritannien (UK),GBP,London Stock Exchange,Equity,-,FTSE 100 Index,Finanzdienstleister,"0,03%",IGG.L
468,ZEALAND PHARMA ORD,DK0060257814,Dänemark,DKK,Copenhagen Stock Exchange,Equity,-,OMX COPENHAGEN 20 Index,Gesundheitswesen,"0,03%",ZEAL.CO
469,MERLIN PROPERTIES ORD SHS,ES0105025003,Spanien,EUR,Mercado Continuo Espana,Equity,-,IBEX 35 Index,Immobilien,"0,03%",MRL.MC
470,GLANBIA PLC ORD,IE0000669501,Irland,EUR,Irish Stock Exchange,Equity,-,ISEQ Irish Overall Index,Basiskonsumgüter,"0,03%",GL9.IR
471,ROTORK PLC,GB00BVFNZH21,Großbritannien (UK),GBP,London Stock Exchange,Equity,-,FTSE 100 Index,Industrieunternehmen,"0,03%",ROR.L
472,HARGREAVES LS ORD,GB00B1VZ0M25,Großbritannien (UK),GBP,London Stock Exchange,Equity,-,FTSE 100 Index,Finanzdienstleister,"0,03%",HL.L
473,BRUNELLO CUCINELLI ORD,IT0004764699,Italien,EUR,Milan Stock Exchange,Equity,-,FTSE Italia All-Share Index,Verbrauchsgüter,"0,03%",BC.MI
474,FREENET ORD,DE000A0Z2ZZ5,Deutschland,EUR,XETRA,Equity,-,DAX Index,Telekommunikation,"0,03%",FNTN.DE
475,HOLMEN ORD,SE0011090018,Schweden,SEK,Stockholm Stock Exchange,Equity,-,OMX Stockholm 30 Index,Grundstoffe,"0,03%",HOLM-B.ST
476,VOESTALPINE ORD,AT0000937503,Österreich,EUR,Vienna Stock Exchange,Equity,-,Austrian Traded Index,Grundstoffe,"0,03%",VOE.VI
477,GERRESHEIMER ORD,DE000A0LD6E6,Deutschland,EUR,XETRA,Equity,Ba1,DAX Index,Gesundheitswesen,"0,03%",GXI.DE
478,EURO CURRENCY,_CURRENCYEUR,-,EUR,-,Cash,-,-,unknown,"0,03%",
479,GRIFOLS SA BARCELONA ORD,ES0171996087,Spanien,EUR,Mercado Continuo Espana,Equity,-,IBEX 35 Index,Gesundheitswesen,"0,03%",GRF.MC
480,KION GROUP,DE000KGX8881,Deutschland,EUR,XETRA,Equity,-,DAX Index,Industrieunternehmen,"0,03%",KGX.DE
481,AEDIFICA SA,BE0003851681,Belgien,EUR,Euronext Brussels,Equity,-,BEL 20 Index,Immobilien,"0,03%",AED.BR
482,WORLDLINE SA,FR0011981968,Frankreich,EUR,Euronext Paris,Equity,-,CAC 40 Index,Industrieunternehmen,"0,03%",WLN.PA
483,FRONTLINE ORD,CY0200352116,Zypern,NOK,New York Stock Exchange,Equity,-,S&P 500 Index,Industrieunternehmen,"0,03%",FRO
484,TATE AND LYLE ORD,GB00BP92CJ43,Großbritannien (UK),GBP,-,Equity,-,-,Basiskonsumgüter,"0,03%",TATE.L
485,ACCIONA SA ORD,ES0125220311,Spanien,EUR,Mercado Continuo Espana,Equity,-,IBEX 35 Index,Industrieunternehmen,"0,03%",ANA.MC
486,FUCHS SE ORD,DE000A3E5D64,Deutschland,EUR,-,Equity,-,DAX Index,Grundstoffe,"0,03%",FPE3.DE
487,SUBSEA ORD,LU0075646355,Großbritannien (UK),NOK,Oslo Stock Exchange,Equity,-,Oslo SE All-share Index,Energie,"0,03%",SUBC.OL
488,AZIMUT HOLDINGS SPA ORD,IT0003261697,Italien,EUR,Milan Stock Exchange,Equity,-,FTSE Italia All-Share Index,Finanzdienstleister,"0,03%",AZM.MI
489,BKW N ORD,CH0130293662,Schweiz,CHF,Scoach Switzerland,Equity,-,Swiss Market Index,Versorgungsunternehmen,"0,03%",BKW.SW
490,TUI AG N,DE000TUAG505,Deutschland,GBP,-,Equity,-,-,Verbrauchsgüter,"0,03%",TUI1.F
491,REPLY SPA ORD,IT0005282865,Italien,EUR,-,Equity,-,-,Technologie,"0,03%",REY.MI
492,A2A SPA ORD,IT0001233417,Italien,EUR,Milan Stock Exchange,Equity,Baa3,FTSE Italia All-Share Index,Versorgungsunternehmen,"0,03%",A2A.MI
493,THYSSEN-KRUPP ORD,DE0007500001,Deutschland,EUR,XETRA,Equity,Ba1,DAX Index,Industrieunternehmen,"0,03%",TKA.DE
494,HEXPOL ORD,SE0007074281,Schweden,SEK,Stockholm Stock Exchange,Equity,-,OMX Stockholm 30 Index,Grundstoffe,"0,03%",HPOL-B.ST
495,TELECOM ITALIA ORD,IT0003497168,Italien,EUR,Milan Stock Exchange,Equity,Ba1,FTSE Italia All-Share Index,Telekommunikation,"0,03%",TIT.MI
496,AEROPORTS DE PARIS ORD,FR0010340141,Frankreich,EUR,Euronext Paris,Equity,A1,CAC 40 Index,Industrieunternehmen,"0,03%",ADP.PA
497,BUZZI UNICEM SPA ORD,IT0001347308,Italien,EUR,Milan Stock Exchange,Equity,Ba1,FTSE Italia All-Share Index,Industrieunternehmen,"0,03%",BZU.MI
498,AMBU ORD,DK0060946788,Dänemark,DKK,-,Equity,-,-,Gesundheitswesen,"0,03%",AMBU-B.CO
499,GJENSIDIGE ORD,NO0010582521,Norwegen,NOK,Oslo Stock Exchange,Equity,A2,Oslo SE All-share Index,Finanzdienstleister,"0,03%",GJF.OL
500,JUST EAT TAKEAWAY.COM NV ORD,NL0012015705,Niederlande,EUR,Euronext Amsterdam,Equity,-,Amsterdam Exchanges Index,Technologie,"0,03%",TKWY.AS
501,GN STORE NORD ORD,DK0010272632,Dänemark,DKK,Copenhagen Stock Exchange,Equity,-,OMX COPENHAGEN 20 Index,Gesundheitswesen,"0,03%",GN.CO
502,ACCELLERON INDUSTRIES LTD ORD,CH1169360919,Schweiz,CHF,-,Equity,-,Swiss Market Index,Industrieunternehmen,"0,03%",ACLN.SW
503,COMPUTACENTER ORD,GB00BV9FP302,Großbritannien (UK),GBP,London Stock Exchange,Equity,-,FTSE 100 Index,Technologie,"0,03%",CCC.L
504,ALLFUNDS GROUP LTD ORD,GB00BNTJ3546,Großbritannien (UK),EUR,Euronext Amsterdam,Equity,-,Amsterdam Exchanges Index,Finanzdienstleister,"0,03%",ALLFG.AS
505,KONECRANES OYJ ORD,FI0009005870,Finnland,EUR,Helsinki Stock Exchange,Equity,-,OMX Helsinki Index,Industrieunternehmen,"0,03%",KCR.HE
506,TECHNIP ENERGIES BV ORD,NL0014559478,Frankreich,EUR,-,Equity,-,-,Energie,"0,03%",TE.PA
507,FAURECIA SA ORD,FR0000121147,Frankreich,EUR,Euronext Paris,Equity,B3,CAC 40 Index,Basiskonsumgüter,"0,03%",FRVIA.PA
508,CLARIANT ORD,CH0012142631,Schweiz,CHF,Scoach Switzerland,Equity,-,Swiss Market Index,Grundstoffe,"0,03%",CLN.SW
509,NEXANS PARIS ORD,FR0000044448,Frankreich,EUR,Euronext Paris,Equity,Ba2,CAC 40 Index,Industrieunternehmen,"0,03%",NEX.PA
510,ITALGAS SPA ORD,IT0005211237,Italien,EUR,Milan Stock Exchange,Equity,-,FTSE Italia All-Share Index,Versorgungsunternehmen,"0,03%",IG.MI
511,ISS A/S,DK0060542181,Dänemark,DKK,Copenhagen Stock Exchange,Equity,-,OMX COPENHAGEN 20 Index,Industrieunternehmen,"0,03%",ISS.CO
512,HERA STK ORD,IT0001250932,Italien,EUR,Milan Stock Exchange,Equity,Baa1,FTSE Italia All-Share Index,Versorgungsunternehmen,"0,03%",HER.MI
513,BUCHER N ORD,CH0002432174,Schweiz,CHF,Scoach Switzerland,Equity,-,Swiss Market Index,Industrieunternehmen,"0,03%",BUCN.SW
514,BIG YELLOW GRP REIT,GB0002869419,Großbritannien (UK),GBP,London Stock Exchange,Equity,-,FTSE 100 Index,Immobilien,"0,03%",BYG.L
515,VALEO ORD,FR0013176526,Frankreich,EUR,Euronext Paris,Equity,-,CAC 40 Index,Basiskonsumgüter,"0,03%",FR.PA
516,ITV ORD,GB0033986497,Großbritannien (UK),GBP,London Stock Exchange,Equity,Baa3,FTSE 100 Index,Verbrauchsgüter,"0,03%",ITV.L
517,SWISSQUOTE GRP N ORD,CH0010675863,Schweiz,CHF,Scoach Switzerland,Equity,-,Swiss Market Index,Finanzdienstleister,"0,03%",SQN.SW
518,DIRECT LINE INSURANCE ORD SHS,GB00BY9D0Y18,Großbritannien (UK),GBP,London Stock Exchange,Equity,-,FTSE 100 Index,Finanzdienstleister,"0,03%",DLG.L
519,BAKKAFROST ORD,FO0000000179,Färöer Inseln,NOK,Oslo Stock Exchange,Equity,-,Oslo SE All-share Index,Basiskonsumgüter,"0,03%",BAKKA.OL
520,ROYAL UNIBREW ORD,DK0060634707,Dänemark,DKK,Copenhagen Stock Exchange,Equity,-,OMX COPENHAGEN 20 Index,Basiskonsumgüter,"0,03%",RBREW.CO
521,DERWENT VALLEY ORD,GB0002652740,Großbritannien (UK),GBP,London Stock Exchange,Equity,Baa2,FTSE 100 Index,Immobilien,"0,03%",DLN.L
522,ELEKTRA B ORD,SE0000163628,Schweden,SEK,Stockholm Stock Exchange,Equity,-,OMX Stockholm 30 Index,Gesundheitswesen,"0,02%",EKTA-B.ST
523,CRANSWICK ORD,GB0002318888,Großbritannien (UK),GBP,London Stock Exchange,Equity,-,FTSE 100 Index,Basiskonsumgüter,"0,02%",CWK.L
524,ALLREAL HOLDING ORD,CH0008837566,Schweiz,CHF,Scoach Switzerland,Equity,-,Swiss Market Index,Immobilien,"0,02%",ALLN.SW
525,JDE PEETS ORD,NL0014332678,Niederlande,EUR,Euronext Amsterdam,Equity,-,Amsterdam Exchanges Index,Basiskonsumgüter,"0,02%",JDEP.AS
526,THULE GROUP AB,SE0006422390,Schweden,SEK,Stockholm Stock Exchange,Equity,-,OMX Stockholm 30 Index,Verbrauchsgüter,"0,02%",THULE.ST
527,AXFOOD ORD,SE0006993770,Schweden,SEK,Stockholm Stock Exchange,Equity,-,OMX Stockholm 30 Index,Verbrauchsgüter,"0,02%",AXFO.ST
528,FORTNOX ORD,SE0017161243,Schweden,SEK,-,Equity,-,OMX Stockholm 30 Index,Technologie,"0,02%",FNOX.ST
529,SECTRA ORD,SE0020539310,Schweden,SEK,-,Equity,-,-,Gesundheitswesen,"0,02%",SECT-B.ST
530,BRITVIC ORD,GB00B0N8QD54,Großbritannien (UK),GBP,London Stock Exchange,Equity,-,FTSE 100 Index,Basiskonsumgüter,"0,02%",BVIC.L
531,BANCA MONTE DEI PASCHI DI SIENA ORD,IT0005508921,Italien,EUR,-,Equity,-,-,Finanzdienstleister,"0,02%",BMPS.MI
532,RAIFFEISEN BANK INTL ORD,AT0000606306,Österreich,EUR,Vienna Stock Exchange,Equity,A2,Austrian Traded Index,Finanzdienstleister,"0,02%",RBI.VI
533,VERALLIA SASU ORD,FR0013447729,Frankreich,EUR,-,Equity,-,-,Industrieunternehmen,"0,02%",VRLA.PA
534,COFINIMMO REIT SA,BE0003593044,Belgien,EUR,Euronext Brussels,Equity,Baa2,BEL 20 Index,Immobilien,"0,02%",COFB.BR
535,LONDONMETRIC,GB00B4WFW713,Großbritannien (UK),GBP,London Stock Exchange,Equity,B1,FTSE 100 Index,Immobilien,"0,02%",LMP.L
536,KINNEVIK STK B ORD,SE0015810247,Schweden,SEK,-,Equity,-,OMX Stockholm 30 Index,Finanzdienstleister,"0,02%",KINV-B.ST
537,HUSQVARNA ORD,SE0001662230,Schweden,SEK,Stockholm Stock Exchange,Equity,-,OMX Stockholm 30 Index,Verbrauchsgüter,"0,02%",HUSQ-B.ST
538,LAGERCRANTZ GROUP AB-B SHS,SE0014990966,Schweden,SEK,-,Equity,-,OMX Stockholm 30 Index,Industrieunternehmen,"0,02%",LAGR-B.ST
539,AZELIS CORPORATE SERVICES NV ORD,BE0974400328,Belgien,EUR,-,Equity,-,-,Industrieunternehmen,"0,02%",AZE.BR
540,VIDRALA ORD,ES0183746314,Spanien,EUR,Mercado Continuo Espana,Equity,-,IBEX 35 Index,Industrieunternehmen,"0,02%",VID.MC
541,AVANZAANK HOLDING ORD,SE0012454072,Schweden,SEK,-,Equity,-,OMX Stockholm 30 Index,Finanzdienstleister,"0,02%",AZA.ST
542,DKSH N ORD,CH0126673539,Schweiz,CHF,Scoach Switzerland,Equity,-,Swiss Market Index,Industrieunternehmen,"0,02%",DKSH.SW
543,COVIVIO SA,FR0000064578,Frankreich,EUR,Euronext Paris,Equity,Baa3,CAC 40 Index,Immobilien,"0,02%",COV.PA
544,K+S ORD,DE000KSAG888,Deutschland,EUR,XETRA,Equity,Ba1,DAX Index,Grundstoffe,"0,02%",SDF.DE
545,DRAX GROUP ORD,GB00B1VNSX38,Großbritannien (UK),GBP,London Stock Exchange,Equity,-,FTSE 100 Index,Versorgungsunternehmen,"0,02%",DRX.L
546,TAG TEGERNSEE ORD,DE0008303504,Deutschland,EUR,XETRA,Equity,-,DAX Index,Immobilien,"0,02%",TEG.DE
547,ROYAL MAIL ORD SHS,GB00BDVZYZ77,Großbritannien (UK),GBP,London Stock Exchange,Equity,-,FTSE 100 Index,Industrieunternehmen,"0,02%",IDS.L
548,ROCKWOOL AS ORD,DK0010219153,Dänemark,DKK,Copenhagen Stock Exchange,Equity,-,OMX COPENHAGEN 20 Index,Industrieunternehmen,"0,02%",ROCK-B.CO
549,WIHLBORGS FASTIGHETER ORD,SE0018012635,Schweden,SEK,-,Equity,-,-,Immobilien,"0,02%",WIHL.ST
550,WENDEL ORD,FR0000121204,Frankreich,EUR,Euronext Paris,Equity,Ba1,CAC 40 Index,Finanzdienstleister,"0,02%",MF.PA
551,TIETOENATOR ORD,FI0009000277,Finnland,EUR,Helsinki Stock Exchange,Equity,-,OMX Helsinki Index,Technologie,"0,02%",TIETO.HE
552,SERCO GROUP ORD,GB0007973794,Großbritannien (UK),GBP,London Stock Exchange,Equity,B1,FTSE 100 Index,Industrieunternehmen,"0,02%",SRP.L
553,INDIVIOR PLC,GB00BN4HT335,Großbritannien (UK),GBP,-,Equity,-,-,Gesundheitswesen,"0,02%",INDV.L
554,BALFOUR BEATTY ORD,GB0000961622,Großbritannien (UK),GBP,London Stock Exchange,Equity,B1,FTSE 100 Index,Industrieunternehmen,"0,02%",BBY.L
555,RUBIS,FR0013269123,Frankreich,EUR,-,Equity,-,-,Verbrauchsgüter,"0,02%",RUI.PA
556,SOFTCAT ORD SHS,GB00BYZDVK82,Großbritannien (UK),GBP,London Stock Exchange,Equity,-,FTSE 100 Index,Technologie,"0,02%",SCT.L
557,GRAFTON GROUP UNT,IE00B00MZ448,Irland,GBP,London Stock Exchange,Equity,-,FTSE 100 Index,Industrieunternehmen,"0,02%",GFTU.L
558,SYDBANK ORD,DK0010311471,Dänemark,DKK,Copenhagen Stock Exchange,Equity,Baa1,OMX COPENHAGEN 20 Index,Finanzdienstleister,"0,02%",SYDB.CO
559,VALLOUREC ORD,FR0013506730,Frankreich,EUR,-,Equity,-,-,Grundstoffe,"0,02%",VK.PA
560,SWECO ORD,SE0014960373,Schweden,SEK,-,Equity,-,OMX Stockholm 30 Index,Industrieunternehmen,"0,02%",SWEC-B.ST
561,TOMRA SYSTEMS ORD,NO0012470089,Norwegen,NOK,-,Equity,-,-,Industrieunternehmen,"0,02%",TOM.OL
562,DIASORIN ORD,IT0003492391,Italien,EUR,Milan Stock Exchange,Equity,-,FTSE Italia All-Share Index,Gesundheitswesen,"0,02%",DIA.MI
563,LANXESS ORD,DE0005470405,Deutschland,EUR,XETRA,Equity,Baa2,DAX Index,Grundstoffe,"0,02%",LXS.DE
564,FABERGE AB ORD,SE0011166974,Schweden,SEK,-,Equity,-,OMX Stockholm 30 Index,Immobilien,"0,02%",FABG.ST
565,PENNON GROUP ORD,GB00BNNTLN49,Großbritannien (UK),GBP,-,Equity,-,-,Versorgungsunternehmen,"0,02%",PNN.L
566,VIRGIN MONEY UK PLC ORD,GB00BD6GN030,Großbritannien (UK),GBP,London Stock Exchange,Equity,-,FTSE 100 Index,Finanzdienstleister,"0,02%",VMUK.L
567,EVOTEC ORD,DE0005664809,Deutschland,EUR,XETRA,Equity,-,DAX Index,Gesundheitswesen,"0,02%",EVT.DE
568,QINETIQ GRP ORD,GB00B0WMWD03,Großbritannien (UK),GBP,London Stock Exchange,Equity,B1,FTSE 100 Index,Industrieunternehmen,"0,02%",QQ.L
569,AURUBIS AG (ORDINARY),DE0006766504,Deutschland,EUR,XETRA,Equity,-,DAX Index,Grundstoffe,"0,02%",NDA.DE
570,SAFESTORE HOLDINGS REIT ORD,GB00B1N7Z094,Großbritannien (UK),GBP,London Stock Exchange,Equity,-,FTSE 100 Index,Immobilien,"0,02%",SAFE.L
571,SES SA GDR,LU0088087324,Luxemburg,EUR,Euronext Paris,Equity,-,CAC 40 Index,Telekommunikation,"0,02%",SGBAF
572,SSP GROUP ORD SHS,GB00BGBN7C04,Großbritannien (UK),GBP,-,Equity,-,-,Verbrauchsgüter,"0,02%",SSPG.L
573,CEMBRA MONEY BANK ORD SHS,CH0225173167,Schweiz,CHF,Scoach Switzerland,Equity,-,Swiss Market Index,Finanzdienstleister,"0,02%",CMBN.SW
574,HARBOUR ENERGY ORD,GB00BMBVGQ36,Großbritannien (UK),GBP,-,Equity,-,-,Energie,"0,02%",HBR.L
575,BANCO COMERCIAL PORTUGUES ORD,PTBCP0AM0015,Portugal,EUR,Euronext Lisbon,Equity,-,-,Finanzdienstleister,"0,02%",BCP.LS
576,REMY COINTREAU ORD,FR0000130395,Frankreich,EUR,Euronext Paris,Equity,Baa3,CAC 40 Index,Basiskonsumgüter,"0,02%",RCO.PA
577,SFS GROUP,CH0239229302,Schweiz,CHF,Scoach Switzerland,Equity,-,Swiss Market Index,Industrieunternehmen,"0,02%",SFSN.SW
578,MILLICOM INTERNATIONAL CELLULAR SA ORD,SE0001174970,Schweden,SEK,Stockholm Stock Exchange,Equity,-,OMX Stockholm 30 Index,Telekommunikation,"0,02%",TIGO-SDB.ST
579,HELLOFRESH SEORD,DE000A161408,Deutschland,EUR,-,Equity,-,DAX Index,Verbrauchsgüter,"0,02%",HFG.F
580,VISCOFAN SA ORD,ES0184262212,Spanien,EUR,Mercado Continuo Espana,Equity,B1,IBEX 35 Index,Basiskonsumgüter,"0,02%",VIS.MC
581,BACHEM HOLDING ORD,CH1176493729,Schweiz,CHF,-,Equity,-,-,Gesundheitswesen,"0,02%",BANB.SW
582,ELECTROLUX ORD,SE0016589188,Schweden,SEK,-,Equity,-,-,Verbrauchsgüter,"0,02%",ELUX-B.ST
583,WACKER CHEMIE ORD,DE000WCH8881,Deutschland,EUR,XETRA,Equity,-,DAX Index,Grundstoffe,"0,02%",WCH.F
584,LXI REIT ORD,GB00BYQ46T41,Großbritannien (UK),GBP,London Stock Exchange,Equity,-,FTSE 100 Index,Immobilien,"0,02%",LXI.L
585,KOJAMO OYJ ORD,FI4000312251,Finnland,EUR,Helsinki Stock Exchange,Equity,-,OMX Helsinki Index,Immobilien,"0,02%",KOJAMO.HE
586,NORDNET ORD SHS,SE0015192067,Schweden,SEK,-,Equity,-,OMX Stockholm 30 Index,Finanzdienstleister,"0,02%",SAVE.ST
587,UBISOFT ORD,FR0000054470,Frankreich,EUR,Euronext Paris,Equity,-,CAC 40 Index,Verbrauchsgüter,"0,02%",UBI.PA
588,TRAVIS PERKINS ORD,GB00BK9RKT01,Großbritannien (UK),GBP,-,Equity,-,-,Industrieunternehmen,"0,02%",TPK.L
589,TEAMVIEWER AG ORD,DE000A2YN900,Deutschland,EUR,-,Equity,-,DAX Index,Technologie,"0,02%",TMV.F
590,TOPDANMARK ORD,DK0060477503,Dänemark,DKK,Copenhagen Stock Exchange,Equity,-,OMX COPENHAGEN 20 Index,Finanzdienstleister,"0,02%",TOP.CO
591,HOCHTIEF ORD,DE0006070006,Deutschland,EUR,XETRA,Equity,-,DAX Index,Industrieunternehmen,"0,02%",HOT.DE
592,WHSMITH ORD,GB00B2PDGW16,Großbritannien (UK),GBP,London Stock Exchange,Equity,-,FTSE 100 Index,Verbrauchsgüter,"0,02%",SMWH.L
593,BILLERUDKORSNAS AB,SE0000862997,Schweden,SEK,Stockholm Stock Exchange,Equity,-,OMX Stockholm 30 Index,Grundstoffe,"0,02%",BILL.ST
594,HAYS ORD,GB0004161021,Großbritannien (UK),GBP,London Stock Exchange,Equity,-,FTSE 100 Index,Industrieunternehmen,"0,02%",HAS.L
595,CD PROJECT RED ORD,PLOPTTC00011,Polen,PLN,-,Equity,-,-,Verbrauchsgüter,"0,02%",CDR.WA
596,EMBRACER GROUP ORD,SE0016828511,Schweden,SEK,-,Equity,-,-,Verbrauchsgüter,"0,02%",EMBRAC-B.ST
597,INMOBILIARIA COLONIAL SOCIMI ORD,ES0139140174,Spanien,EUR,Mercado Continuo Espana,Equity,-,IBEX 35 Index,Immobilien,"0,02%",COL.MC
598,ENCAVIS AG ORD,DE0006095003,Deutschland,EUR,XETRA,Equity,-,DAX Index,Versorgungsunternehmen,"0,02%",ECV.DE
599,DOWLAIS GROUP PLC ORD,GB00BMWRZ071,Großbritannien (UK),GBP,-,Equity,-,-,Basiskonsumgüter,"0,01%",DWL.L
600,VOLVO CAR AB SER. B,SE0016844831,Schweden,SEK,-,Equity,-,-,Basiskonsumgüter,"0,01%",VOLCAR-B.ST
601,US DOLLAR,_CURRENCYUSD,Vereinigte Staaten von Amerika,USD,-,Cash,-,-,unknown,"0,01%",
602,WATCHES OF SWITZERLAND GROUP PLC ORD,GB00BJDQQ870,Großbritannien (UK),GBP,-,Equity,-,-,Verbrauchsgüter,"0,01%",WOSG.L
603,NORWEGIAN KRONE,_CURRENCYNOK,Norwegen,NOK,-,Cash,-,-,unknown,"0,01%",
604,DANISH KRONE,_CURRENCYDKK,Dänemark,DKK,-,Cash,-,-,unknown,"0,01%",
605,POLISH ZLOTY,_CURRENCYPLN,Polen,PLN,-,Cash,-,-,unknown,"0,00%",
606,CZECH KORUNA,_CURRENCYCZK,Tschechische Republik,CZK,-,Cash,-,-,unknown,"0,00%",
607,SWISS FRANC,_CURRENCYCHF,Schweiz,CHF,-,Cash,-,-,unknown,"0,00%",
608,POUND STERLING,_CURRENCYGBP,Großbritannien (UK),GBP,-,Cash,-,-,unknown,"0,00%",
609,SOUTH AFRICAN RAND,_CURRENCYZAR,Südafrika,ZAR,-,Cash,-,-,unknown,"0,00%",
610,NMC HEALTH PLC,GB00B7FC0762,Vereinigte Arabische Emirate,GBP,London Stock Exchange,Equity,-,FTSE 100 Index,Gesundheitswesen,"0,00%",
611,STOXX EUROPE 600  MAR24,___ADI26K222,Deutschland,EUR,-,Future,-,-,unknown,,
612,SWEDISH KRONA,_CURRENCYSEK,Schweden,SEK,-,Cash,-,-,unknown,"0,00%",
